HIERARCHY
ROOT RightUpLeg
{
	OFFSET -0.763382 0.000000 -0.109374
	CHANNELS 6 Xposition Yposition Zposition Xrotation Yrotation Zrotation
	JOINT RightUpArm
	{
		OFFSET -3.066313 0.000000 0.000000
		CHANNELS 3 Xrotation Yrotation Zrotation
		JOINT LeftHand
		{
			OFFSET -2.741983 0.004818 -0.000002
			CHANNELS 3 Xrotation Yrotation Zrotation
			JOINT L Finger1
			{
				OFFSET -0.685491 0.207190 0.077791
				CHANNELS 3 Xrotation Yrotation Zrotation
				JOINT L Finger11
				{
					OFFSET -0.348201 -0.006811 0.000000
					CHANNELS 3 Xrotation Yrotation Zrotation
					JOINT L Finger12
					{
						OFFSET -0.214172 -0.008316 -0.006234
						CHANNELS 3 Xrotation Yrotation Zrotation
						End Site
						{
							OFFSET -0.214424 -0.000000 0.000000
						}
					}
				}
			}
			JOINT L Finger4
			{
				OFFSET -0.639618 -0.307522 0.077791
				CHANNELS 3 Xrotation Yrotation Zrotation
				JOINT L Finger41
				{
					OFFSET -0.329153 0.000000 0.000000
					CHANNELS 3 Xrotation Yrotation Zrotation
					JOINT L Finger42
					{
						OFFSET -0.189706 0.000000 0.000000
						CHANNELS 3 Xrotation Yrotation Zrotation
						End Site
						{
							OFFSET -0.189706 -0.000000 0.000000
						}
					}
				}
			}
			JOINT L Finger2
			{
				OFFSET -0.694829 0.021576 0.077791
				CHANNELS 3 Xrotation Yrotation Zrotation
				JOINT L Finger21
				{
					OFFSET -0.387926 0.000000 0.000000
					CHANNELS 3 Xrotation Yrotation Zrotation
					JOINT L Finger22
					{
						OFFSET -0.239319 -0.000000 0.000000
						CHANNELS 3 Xrotation Yrotation Zrotation
						End Site
						{
							OFFSET -0.239320 -0.000000 0.000000
						}
					}
				}
			}
			JOINT L Finger3
			{
				OFFSET -0.686913 -0.143223 0.077791
				CHANNELS 3 Xrotation Yrotation Zrotation
				JOINT L Finger31
				{
					OFFSET -0.359850 -0.000000 0.000000
					CHANNELS 3 Xrotation Yrotation Zrotation
					JOINT L Finger32
					{
						OFFSET -0.207670 0.000000 0.000000
						CHANNELS 3 Xrotation Yrotation Zrotation
						End Site
						{
							OFFSET -0.207669 -0.000000 0.000000
						}
					}
				}
			}
			JOINT L Finger0
			{
				OFFSET -0.036888 0.168260 -0.105492
				CHANNELS 3 Xrotation Yrotation Zrotation
				JOINT L Finger01
				{
					OFFSET -0.370306 0.318978 -0.021741
					CHANNELS 3 Xrotation Yrotation Zrotation
					JOINT L Finger02
					{
						OFFSET -0.236204 0.186036 -0.010224
						CHANNELS 3 Xrotation Yrotation Zrotation
						End Site
						{
							OFFSET -0.300842 -0.000000 0.000000
						}
					}
				}
			}
		}
	}
}
MOTION
Frames: 301
Frame Time: 0.033333
-0.763382 0.000000 -0.109374 -0.000000 0.000000 -0.000000 -0.000000 0.000000 -0.000000 -0.000000 0.000000 -0.000000 -0.000000 0.000000 -0.000000 -0.000000 0.000000 -0.000000 -0.000000 0.000000 -0.000000 -0.000000 0.000000 -0.000000 -0.000000 0.000000 -0.000000 -0.000000 0.000000 -0.000000 -0.000000 0.000000 -0.000000 -0.000000 0.000000 -0.000000 -0.000000 0.000000 -0.000000 -0.000000 0.000000 -0.000000 -0.000000 0.000000 -0.000000 -0.000000 0.000000 -0.000000 -0.000000 0.000000 -0.000000 -0.000000 0.000000 -0.000000 -0.000000 0.000000 -0.000000 
-0.763382 0.000000 -0.109374 -7.635101 -37.867327 -33.457883 10.067066 14.965940 -92.204589 16.293205 5.600463 -4.711501 0.826997 -9.313734 -0.248044 -0.000000 -0.000000 -0.000001 -0.000000 -0.000000 -0.000001 -0.000001 -0.000000 0.000001 0.000001 -0.000002 -0.000002 -0.000000 0.000000 -0.000001 -0.000001 -0.000000 0.000000 0.000000 -0.000000 0.000001 -0.000001 0.000000 -0.000001 -0.000001 -0.000000 0.000001 -0.000004 0.000001 0.000003 -0.000001 0.000001 0.000000 -0.000001 -0.000000 -0.000000 -0.000001 -0.000000 -0.000000 -0.000001 -0.000000 0.000001 
-0.763382 0.000000 -0.109374 -13.038991 -44.783611 -44.135521 13.738842 14.568688 -110.739414 18.682410 8.455008 -6.386122 0.478605 -11.039970 -0.806002 0.000001 -0.000003 -0.000002 0.000000 -0.000003 -0.000002 0.000001 0.000000 -0.000002 0.000001 0.000002 -0.000004 0.000001 0.000000 -0.000002 0.000001 0.000000 -0.000001 0.000001 -0.000001 0.000001 0.000001 -0.000001 0.000001 0.000001 0.000000 -0.000001 0.000001 0.000000 -0.000001 0.000002 0.000000 -0.000001 0.000001 0.000000 -0.000001 0.000001 0.000000 -0.000001 0.000001 0.000000 -0.000001 
-0.763382 0.000000 -0.109374 -12.477610 -44.540896 -43.448913 13.070545 14.582010 -107.689195 17.274238 10.046964 -6.655432 0.580350 -10.572638 -0.889678 -0.000000 0.000002 -0.000001 -0.000000 0.000002 -0.000001 -0.000000 0.000001 0.000002 0.000001 0.000001 0.000000 0.000001 0.000001 0.000000 -0.000000 0.000001 0.000002 -0.000000 0.000001 0.000003 -0.000001 0.000002 0.000003 -0.000000 0.000001 0.000002 -0.000000 0.000001 -0.000001 0.000001 0.000001 0.000001 -0.000000 0.000001 0.000002 -0.000000 0.000001 0.000002 -0.000000 0.000001 0.000001 
-0.763382 0.000000 -0.109374 -13.282555 -45.201686 -43.662158 12.832582 14.935477 -106.171350 16.818422 10.696824 -6.889048 1.322806 -10.443013 -0.484745 -0.000001 0.000001 0.000001 -0.000002 0.000001 0.000001 -0.000001 -0.000004 0.000002 0.000001 -0.000004 0.000000 -0.000000 -0.000002 0.000001 -0.000001 -0.000004 0.000002 -0.000000 -0.000004 0.000001 -0.000000 -0.000002 0.000003 -0.000001 -0.000004 0.000004 -0.000000 -0.000002 -0.000001 -0.000000 -0.000004 0.000001 -0.000001 -0.000004 0.000002 -0.000001 -0.000004 0.000002 -0.000001 -0.000004 0.000001 
-0.763382 0.000000 -0.109374 -13.489600 -45.362059 -43.798650 12.157847 14.746816 -106.682179 16.402740 10.513500 -7.093247 1.499235 -10.326601 -0.400989 0.000001 -0.000002 0.000001 0.000000 -0.000002 0.000001 -0.000001 0.000000 0.000002 -0.000001 -0.000003 0.000000 -0.000000 0.000000 0.000000 -0.000001 0.000000 0.000001 0.000000 -0.000003 0.000001 -0.000000 -0.000001 0.000002 -0.000001 0.000000 0.000001 -0.000001 -0.000003 0.000001 -0.000000 0.000000 0.000000 -0.000001 0.000000 0.000001 -0.000001 0.000000 0.000001 -0.000001 0.000000 0.000001 
-0.763382 0.000000 -0.109374 -12.928601 -44.878270 -43.661329 11.591000 14.487673 -107.563629 15.938511 10.329458 -7.495497 1.514454 -10.349393 -0.397059 -0.000002 0.000000 0.000001 -0.000002 0.000000 0.000001 -0.000001 -0.000001 0.000002 -0.000000 0.000001 -0.000000 -0.000000 -0.000001 -0.000000 -0.000001 -0.000001 0.000001 0.000001 -0.000003 0.000000 -0.000000 -0.000003 0.000002 -0.000001 -0.000001 0.000002 -0.000000 -0.000003 0.000002 -0.000000 -0.000001 0.000000 -0.000001 -0.000001 0.000001 -0.000001 -0.000001 0.000001 -0.000001 -0.000001 0.000001 
-0.763382 0.000000 -0.109374 -12.406430 -44.594667 -43.811378 11.653805 14.351884 -108.350228 15.659237 10.282963 -7.914886 1.458213 -10.439127 -0.452156 -0.000001 0.000000 -0.000002 -0.000001 0.000001 -0.000002 0.000000 -0.000003 -0.000003 0.000002 -0.000001 -0.000003 -0.000001 -0.000001 -0.000002 0.000000 -0.000003 -0.000004 -0.000001 -0.000002 -0.000002 0.000000 -0.000002 -0.000002 0.000000 -0.000003 -0.000002 0.000001 -0.000003 -0.000002 0.000001 -0.000003 -0.000003 0.000000 -0.000003 -0.000004 0.000000 -0.000003 -0.000004 0.000000 -0.000003 -0.000005 
-0.763382 0.000000 -0.109374 -11.999980 -44.455823 -44.295051 12.079653 14.267905 -109.092376 15.494926 10.343548 -8.310831 1.364934 -10.540617 -0.537424 0.000001 0.000000 0.000001 0.000001 0.000000 0.000001 0.000000 -0.000001 0.000002 0.000001 0.000001 -0.000003 0.000001 -0.000001 0.000000 0.000000 -0.000001 0.000002 -0.000000 -0.000001 0.000001 -0.000000 -0.000002 0.000001 0.000000 -0.000001 0.000002 0.000001 0.000001 -0.000002 0.000001 -0.000001 0.000001 0.000000 -0.000001 0.000002 0.000000 -0.000001 0.000002 0.000000 -0.000001 0.000001 
-0.763382 0.000000 -0.109374 -11.830414 -44.459689 -45.072203 12.692507 14.136953 -110.076305 15.466717 10.439726 -8.698775 1.272038 -10.624901 -0.616558 0.000001 -0.000001 -0.000000 0.000001 0.000003 0.000001 -0.000000 0.000000 -0.000000 0.000002 0.000002 0.000002 0.000001 0.000000 -0.000000 -0.000000 0.000000 0.000002 0.000001 0.000000 0.000001 -0.000000 -0.000002 0.000002 -0.000000 0.000000 0.000002 0.000000 0.000002 -0.000002 0.000001 0.000000 -0.000001 -0.000000 0.000000 0.000002 -0.000000 0.000000 0.000002 -0.000000 0.000000 0.000000 
-0.763382 0.000000 -0.109374 -12.065093 -44.654312 -46.018140 13.401725 13.821456 -111.819479 15.686211 10.457626 -9.149663 1.219933 -10.689376 -0.645778 -0.000001 0.000001 -0.000000 -0.000001 0.000001 -0.000000 0.000000 0.000002 -0.000001 0.000000 0.000001 0.000000 0.000000 0.000002 -0.000003 0.000000 0.000002 -0.000000 0.000001 0.000001 0.000000 0.000001 -0.000001 -0.000000 0.000000 0.000002 0.000000 0.000000 0.000004 -0.000004 0.000001 0.000001 -0.000002 0.000000 0.000002 -0.000000 0.000000 0.000002 -0.000000 0.000000 0.000002 -0.000002 
-0.763382 0.000000 -0.109374 -12.035306 -45.024409 -46.334050 14.155070 13.596268 -112.636247 15.776578 10.706181 -9.155269 1.156428 -10.693511 -0.605256 -0.000001 -0.000003 -0.000000 -0.000001 -0.000003 -0.000000 -0.000001 0.000000 -0.000000 -0.000002 0.000002 0.000001 -0.000002 0.000000 -0.000003 -0.000001 0.000000 -0.000000 -0.000000 0.000000 -0.000001 -0.000000 -0.000001 0.000001 -0.000001 0.000000 0.000001 -0.000000 0.000002 -0.000001 -0.000001 0.000000 -0.000001 -0.000001 0.000000 -0.000000 -0.000001 0.000000 -0.000000 -0.000001 0.000000 -0.000002 
-0.763382 0.000000 -0.109374 -12.103671 -45.463764 -46.372094 14.554098 13.883439 -112.231134 15.429297 11.572084 -8.838412 1.053749 -10.522058 -0.444142 -0.000000 -0.000005 -0.000001 -0.000000 -0.000005 -0.000001 -0.000001 -0.000001 0.000002 -0.000000 -0.000001 0.000000 -0.000001 -0.000002 -0.000000 -0.000001 -0.000001 0.000000 -0.000000 -0.000001 0.000000 -0.000000 -0.000001 0.000000 -0.000001 -0.000001 0.000002 -0.000001 0.000001 -0.000004 -0.000001 -0.000001 -0.000001 -0.000001 -0.000001 -0.000000 -0.000001 -0.000001 -0.000000 -0.000001 -0.000001 -0.000001 
-0.763382 0.000000 -0.109374 -11.114004 -45.211279 -45.548541 14.120494 14.873536 -110.647029 14.365636 12.817995 -8.350163 1.027604 -10.530734 -0.247955 0.000000 0.000002 0.000001 -0.000001 0.000002 0.000001 0.000000 -0.000001 0.000002 0.000001 0.000001 0.000002 0.000002 -0.000001 0.000002 0.000000 -0.000001 0.000003 -0.000000 -0.000001 0.000003 0.000001 -0.000001 0.000002 0.000000 -0.000001 0.000003 0.000002 0.000001 -0.000002 0.000001 -0.000001 0.000002 0.000000 -0.000001 0.000003 0.000000 -0.000001 0.000003 0.000000 -0.000001 0.000002 
-0.763382 0.000000 -0.109374 -9.474760 -44.432512 -44.018274 13.041513 16.217487 -109.008487 12.911623 14.029768 -7.914802 1.133618 -10.764804 -0.046773 0.000001 -0.000000 0.000002 -0.000001 -0.000000 0.000002 0.000001 -0.000002 0.000002 0.000001 0.000000 0.000001 -0.000001 0.000001 0.000001 0.000001 -0.000002 0.000003 -0.000000 -0.000001 0.000002 -0.000000 -0.000001 0.000002 0.000001 -0.000002 0.000002 0.000003 0.000000 0.000000 -0.000001 0.000000 0.000002 0.000001 -0.000002 0.000003 0.000001 -0.000002 0.000003 0.000001 -0.000002 0.000001 
-0.763382 0.000000 -0.109374 -9.024101 -44.288825 -42.534224 12.301302 17.132582 -109.610514 12.021723 14.638560 -7.886500 1.364889 -10.959587 0.185175 -0.000000 -0.000000 -0.000000 -0.000000 -0.000000 -0.000000 -0.000000 0.000001 0.000002 0.000001 0.000000 0.000001 -0.000002 -0.000000 0.000001 -0.000000 0.000001 0.000003 0.000001 0.000000 0.000003 -0.000000 0.000001 0.000001 -0.000000 0.000001 0.000003 0.000002 0.000002 -0.000001 -0.000000 0.000001 0.000003 -0.000000 0.000001 0.000003 -0.000000 0.000001 0.000003 -0.000000 0.000001 0.000002 
-0.763382 0.000000 -0.109374 -9.146068 -44.546787 -42.934528 11.814543 18.182616 -106.747838 10.777589 15.574887 -7.264288 1.456420 -11.148182 0.103470 0.000002 -0.000001 0.000002 0.000002 -0.000001 0.000002 -0.000000 0.000001 -0.000001 -0.000001 0.000000 -0.000003 -0.000001 0.000000 -0.000001 -0.000000 0.000001 -0.000000 -0.000001 -0.000002 0.000001 0.000002 -0.000002 0.000003 -0.000000 0.000001 0.000001 -0.000001 0.000000 -0.000002 -0.000000 0.000000 -0.000001 -0.000000 0.000001 -0.000000 -0.000000 0.000001 -0.000000 -0.000000 0.000001 -0.000000 
-0.763382 0.000000 -0.109374 -10.354563 -45.071394 -44.256371 11.756581 18.660401 -105.809828 9.988051 16.000831 -6.886313 1.701944 -11.225001 0.063018 -0.000000 0.000000 0.000001 -0.000000 0.000000 0.000001 0.000001 0.000001 -0.000001 -0.000001 0.000001 -0.000002 0.000001 0.000002 0.000000 0.000001 0.000001 -0.000001 0.000001 0.000001 0.000000 0.000001 0.000001 0.000001 0.000001 0.000001 -0.000001 -0.000001 0.000001 -0.000003 0.000001 0.000001 0.000000 0.000001 0.000001 -0.000001 0.000001 0.000001 -0.000001 0.000001 0.000001 -0.000002 
-0.763382 0.000000 -0.109374 -11.840070 -45.158550 -46.518281 10.702986 18.931534 -103.990907 9.165151 15.882201 -6.244850 1.905073 -11.357154 -0.087857 -0.000000 -0.000004 0.000002 -0.000000 -0.000004 0.000002 -0.000000 0.000000 -0.000000 0.000001 0.000002 -0.000002 -0.000000 -0.000000 0.000001 -0.000000 0.000000 0.000001 -0.000003 0.000000 -0.000001 -0.000000 0.000000 0.000000 -0.000000 0.000000 0.000001 -0.000000 0.000003 -0.000005 -0.000000 -0.000000 0.000002 -0.000000 0.000000 0.000001 -0.000000 0.000000 0.000001 -0.000000 0.000000 -0.000001 
-0.763382 0.000000 -0.109374 -13.138013 -44.665920 -49.328316 8.626053 19.173594 -100.995514 8.320671 15.220639 -5.386485 2.017983 -11.549977 -0.320538 -0.000000 -0.000001 0.000002 -0.000000 -0.000001 0.000002 -0.000001 -0.000001 0.000002 -0.000000 -0.000000 0.000002 -0.000000 -0.000001 0.000000 -0.000001 -0.000001 0.000002 -0.000001 -0.000003 0.000001 0.000001 0.000000 0.000004 -0.000001 -0.000001 0.000002 -0.000000 -0.000001 -0.000001 -0.000000 -0.000001 0.000001 -0.000001 -0.000001 0.000002 -0.000001 -0.000001 0.000002 -0.000001 -0.000001 0.000001 
-0.763382 0.000000 -0.109374 -14.247355 -44.019664 -51.998121 6.945709 19.587992 -99.067072 7.958091 14.085319 -4.905348 2.143386 -11.646405 -0.426186 0.000001 0.000003 -0.000001 0.000001 0.000003 -0.000001 -0.000001 0.000002 -0.000000 -0.000000 -0.000001 -0.000000 -0.000000 0.000002 -0.000001 -0.000001 0.000002 -0.000000 -0.000000 0.000002 -0.000001 -0.000000 0.000000 0.000001 -0.000001 0.000002 0.000001 -0.000000 0.000003 -0.000001 -0.000001 0.000002 -0.000001 -0.000001 0.000002 -0.000000 -0.000001 0.000002 -0.000000 -0.000001 0.000002 -0.000001 
-0.763382 0.000000 -0.109374 -15.331166 -43.852813 -53.296974 6.383888 19.871110 -99.352820 8.122096 12.868229 -5.032117 2.109774 -11.561471 -0.532931 0.000000 -0.000001 0.000002 0.000000 -0.000001 0.000002 -0.000001 0.000002 -0.000001 -0.000001 0.000002 -0.000001 -0.000001 0.000002 -0.000002 -0.000001 0.000002 -0.000001 -0.000001 0.000000 -0.000002 -0.000001 -0.000002 0.000001 -0.000001 0.000002 -0.000000 -0.000003 0.000002 -0.000003 -0.000001 0.000002 -0.000001 -0.000001 0.000002 -0.000001 -0.000001 0.000002 -0.000001 -0.000001 0.000002 -0.000001 
-0.763382 0.000000 -0.109374 -15.476976 -43.748075 -53.787494 6.810069 19.965531 -100.058767 8.440412 12.221675 -5.213270 2.026288 -11.433391 -0.604179 -0.000000 -0.000000 -0.000001 -0.000000 -0.000000 -0.000001 -0.000000 -0.000002 0.000005 -0.000001 0.000000 -0.000001 -0.000001 -0.000001 0.000000 -0.000000 -0.000002 0.000004 0.000000 -0.000002 0.000004 -0.000002 -0.000001 0.000005 -0.000000 -0.000002 0.000005 -0.000001 -0.000001 -0.000001 -0.000000 -0.000002 0.000004 -0.000000 -0.000002 0.000004 -0.000000 -0.000002 0.000004 -0.000000 -0.000002 0.000004 
-0.763382 0.000000 -0.109374 -15.000395 -43.619019 -53.778061 7.634081 19.946357 -100.815457 8.759785 11.929677 -5.381979 1.943142 -11.323177 -0.644800 0.000001 -0.000002 0.000001 0.000001 -0.000002 0.000001 0.000000 -0.000002 0.000002 -0.000002 0.000003 -0.000000 -0.000000 -0.000002 0.000001 0.000000 -0.000002 0.000002 -0.000000 -0.000003 0.000001 0.000000 -0.000002 0.000002 0.000000 -0.000002 0.000002 -0.000001 -0.000002 -0.000001 0.000000 -0.000002 0.000001 0.000000 -0.000002 0.000002 0.000000 -0.000002 0.000002 0.000000 -0.000002 0.000001 
-0.763382 0.000000 -0.109374 -14.326954 -43.484707 -53.487034 8.378859 19.848854 -101.424170 8.991093 11.776674 -5.508122 1.889021 -11.256706 -0.671011 -0.000000 0.000003 -0.000002 -0.000000 0.000003 -0.000000 -0.000000 0.000003 -0.000001 -0.000000 0.000001 -0.000001 0.000001 0.000003 -0.000000 -0.000000 0.000003 -0.000002 -0.000000 -0.000000 0.000000 0.000001 0.000001 -0.000001 -0.000000 0.000003 -0.000002 -0.000000 0.000004 -0.000001 -0.000000 0.000003 -0.000001 -0.000000 0.000003 -0.000002 -0.000000 0.000003 -0.000002 -0.000000 0.000003 -0.000003 
-0.763382 0.000000 -0.109374 -13.990738 -43.484884 -53.040278 8.682244 19.664103 -101.861104 9.107883 11.546429 -5.595520 1.871266 -11.224583 -0.710066 0.000001 0.000001 -0.000000 0.000001 0.000001 0.000001 -0.000000 -0.000001 -0.000000 -0.000002 0.000002 -0.000001 -0.000000 -0.000001 -0.000001 -0.000000 -0.000001 -0.000001 0.000001 -0.000004 0.000000 -0.000000 -0.000003 0.000000 -0.000000 -0.000001 -0.000000 -0.000001 0.000000 -0.000002 -0.000000 -0.000002 0.000000 -0.000000 -0.000001 -0.000001 -0.000000 -0.000001 -0.000001 -0.000000 -0.000001 -0.000002 
-0.763382 0.000000 -0.109374 -13.424601 -43.354885 -52.582433 8.307803 19.464391 -100.176643 8.847179 11.334941 -5.340132 1.916969 -11.229377 -0.800228 0.000001 -0.000001 0.000001 0.000001 -0.000001 0.000001 -0.000000 -0.000000 0.000002 -0.000001 0.000002 -0.000003 -0.000000 -0.000000 0.000000 -0.000000 -0.000000 0.000002 -0.000001 -0.000002 0.000000 0.000001 -0.000002 0.000000 -0.000000 -0.000000 0.000002 -0.000003 0.000000 -0.000002 -0.000000 -0.000000 0.000001 -0.000000 -0.000000 0.000002 -0.000000 -0.000000 0.000002 -0.000000 -0.000000 0.000001 
-0.763382 0.000000 -0.109374 -12.925390 -43.231522 -52.187389 8.067844 19.246093 -98.885464 8.673211 11.063394 -5.135722 1.973173 -11.283504 -0.882619 -0.000002 0.000000 -0.000000 -0.000002 0.000000 -0.000000 0.000001 -0.000003 0.000005 -0.000002 -0.000000 0.000003 -0.000000 -0.000003 0.000004 0.000001 -0.000003 0.000005 -0.000000 -0.000004 0.000004 0.000001 -0.000003 0.000006 0.000001 -0.000003 0.000006 -0.000001 -0.000001 -0.000001 0.000001 -0.000003 0.000005 0.000001 -0.000003 0.000005 0.000001 -0.000003 0.000005 0.000001 -0.000003 0.000005 
-0.763382 0.000000 -0.109374 -12.627412 -43.275857 -51.720323 8.218613 18.998185 -98.467429 8.638352 10.819401 -5.068998 2.029252 -11.331823 -0.956096 -0.000000 -0.000002 0.000002 -0.000000 -0.000002 0.000002 0.000001 0.000002 -0.000001 -0.000001 0.000000 0.000000 0.000002 0.000002 -0.000001 0.000001 0.000002 0.000000 -0.000000 -0.000001 0.000000 0.000001 0.000000 0.000002 0.000001 0.000002 -0.000000 -0.000000 0.000000 -0.000001 0.000001 0.000002 -0.000001 0.000001 0.000002 0.000000 0.000001 0.000002 0.000000 0.000001 0.000002 -0.000001 
-0.763382 0.000000 -0.109374 -12.314823 -43.405193 -51.071271 8.747401 18.704756 -98.724654 8.678858 10.665358 -5.124805 2.075719 -11.356288 -1.027793 0.000001 0.000002 0.000003 0.000001 0.000002 0.000003 -0.000000 -0.000001 0.000005 -0.000001 -0.000000 0.000000 0.000001 -0.000001 0.000004 -0.000000 -0.000001 0.000005 -0.000001 -0.000002 0.000003 0.000001 -0.000001 0.000005 -0.000000 -0.000001 0.000006 -0.000000 -0.000000 -0.000001 -0.000000 -0.000001 0.000005 -0.000000 -0.000001 0.000005 -0.000000 -0.000001 0.000005 -0.000000 -0.000001 0.000004 
-0.763382 0.000000 -0.109374 -11.432500 -43.286105 -50.164721 9.381296 18.349081 -98.786877 8.616670 10.638431 -5.187724 2.104092 -11.375939 -1.113099 -0.000001 0.000001 0.000001 -0.000001 0.000001 0.000001 -0.000000 0.000000 0.000002 0.000001 0.000000 -0.000001 0.000002 0.000000 0.000000 -0.000000 0.000000 0.000002 0.000002 -0.000001 0.000001 -0.000002 0.000000 0.000002 -0.000000 0.000000 0.000002 -0.000000 0.000000 0.000002 -0.000000 0.000000 0.000001 -0.000000 0.000000 0.000002 -0.000000 0.000000 0.000002 -0.000000 0.000000 0.000001 
-0.763382 0.000000 -0.109374 -10.028578 -43.070176 -49.191900 10.930273 17.922252 -99.488242 8.676427 10.946034 -5.388521 2.136535 -11.428480 -1.125255 -0.000001 0.000000 0.000002 -0.000001 0.000000 0.000002 -0.000002 -0.000003 0.000002 -0.000002 -0.000001 0.000000 -0.000001 -0.000003 0.000001 -0.000002 -0.000003 0.000003 -0.000001 -0.000005 0.000002 0.000002 -0.000003 0.000003 -0.000002 -0.000003 0.000004 -0.000002 -0.000001 0.000001 -0.000001 -0.000003 0.000002 -0.000002 -0.000003 0.000003 -0.000002 -0.000003 0.000003 -0.000002 -0.000003 0.000002 
-0.763382 0.000000 -0.109374 -8.598315 -42.803774 -48.036358 12.688356 17.449608 -101.086950 8.932541 11.245661 -5.771426 2.078071 -11.504847 -1.179166 -0.000000 0.000001 0.000003 -0.000000 0.000001 0.000003 -0.000000 0.000000 -0.000001 -0.000000 0.000000 0.000000 0.000001 -0.000000 -0.000000 -0.000000 0.000000 -0.000001 -0.000002 -0.000000 -0.000001 -0.000000 -0.000003 0.000000 -0.000000 0.000000 -0.000000 -0.000002 -0.000000 -0.000001 0.000001 -0.000000 0.000000 -0.000000 0.000000 -0.000001 -0.000000 0.000000 -0.000001 -0.000000 0.000000 -0.000001 
-0.763382 0.000000 -0.109374 -7.352158 -42.787228 -46.908220 14.784370 16.648970 -103.430183 9.456188 11.492942 -6.370024 2.036291 -11.590867 -1.195862 -0.000001 -0.000000 -0.000000 -0.000001 -0.000001 0.000001 0.000001 -0.000001 0.000001 -0.000000 0.000000 0.000001 -0.000000 -0.000003 0.000000 0.000001 -0.000001 -0.000000 0.000001 0.000000 0.000000 -0.000001 0.000000 0.000002 0.000001 -0.000001 -0.000000 -0.000000 0.000000 0.000002 0.000001 -0.000003 0.000001 0.000001 -0.000001 -0.000000 0.000001 -0.000001 -0.000000 0.000001 -0.000001 -0.000000 
-0.763382 0.000000 -0.109374 -6.337011 -42.975226 -46.033054 16.901983 15.567628 -105.815948 10.148004 11.723071 -7.072500 2.006264 -11.685896 -1.206501 0.000001 0.000002 -0.000000 0.000001 0.000002 -0.000000 0.000000 -0.000000 0.000001 0.000003 -0.000003 0.000000 0.000002 -0.000005 -0.000000 0.000000 -0.000000 0.000000 0.000001 0.000000 0.000002 -0.000002 0.000003 -0.000002 0.000000 -0.000000 -0.000000 0.000002 -0.000001 0.000000 0.000000 -0.000000 0.000000 0.000000 -0.000000 -0.000000 0.000000 -0.000000 -0.000000 0.000000 -0.000000 -0.000000 
-0.763382 0.000000 -0.109374 -5.478175 -42.970264 -45.694410 18.358288 14.671612 -107.062232 10.738992 12.060418 -7.622306 1.869948 -11.802408 -1.352900 0.000002 -0.000002 0.000001 -0.000000 -0.000002 0.000001 0.000000 0.000002 0.000001 0.000001 0.000001 -0.000000 -0.000000 0.000001 -0.000002 0.000000 0.000002 0.000002 -0.000000 0.000004 0.000001 -0.000002 0.000002 0.000002 0.000000 0.000002 0.000002 -0.000000 0.000000 0.000000 -0.000000 0.000002 0.000001 0.000000 0.000002 0.000002 0.000000 0.000002 0.000002 0.000000 0.000002 0.000001 
-0.763382 0.000000 -0.109374 -5.365170 -43.073048 -45.658742 19.372983 13.586249 -109.841948 11.606458 11.987382 -8.409010 1.811002 -11.983342 -1.394685 0.000000 0.000003 0.000002 -0.000001 0.000003 0.000002 -0.000001 0.000000 0.000001 -0.000000 0.000000 0.000002 -0.000002 0.000002 0.000002 -0.000001 0.000000 0.000002 -0.000000 0.000003 0.000001 -0.000001 0.000003 -0.000001 -0.000001 0.000000 0.000002 -0.000000 0.000001 0.000002 -0.000001 0.000002 0.000003 -0.000001 0.000000 0.000002 -0.000001 0.000000 0.000002 -0.000001 0.000000 0.000001 
-0.763382 0.000000 -0.109374 -5.291711 -43.112752 -45.047317 19.736742 12.586258 -112.137930 12.241942 11.925961 -9.109913 1.747696 -12.006329 -1.369000 -0.000002 -0.000001 0.000001 -0.000002 -0.000001 0.000001 -0.000000 0.000000 0.000000 0.000001 0.000000 0.000000 -0.000001 0.000001 -0.000001 -0.000000 0.000000 0.000001 -0.000002 -0.000001 0.000000 0.000000 0.000000 0.000002 -0.000000 0.000000 0.000001 0.000002 0.000001 -0.000001 -0.000001 -0.000001 -0.000001 -0.000000 0.000000 0.000001 -0.000000 0.000000 0.000001 -0.000000 0.000000 0.000001 
-0.763382 0.000000 -0.109374 -4.892620 -42.885426 -44.148878 19.770403 11.994404 -113.643645 12.540565 12.031499 -9.578518 1.623044 -11.907759 -1.348989 -0.000002 -0.000001 0.000001 -0.000001 -0.000001 0.000001 -0.000001 0.000002 -0.000000 -0.000002 0.000001 -0.000001 -0.000001 0.000002 -0.000000 -0.000001 0.000002 0.000000 -0.000001 0.000000 -0.000000 -0.000001 0.000002 -0.000000 -0.000001 0.000002 0.000000 -0.000001 0.000002 0.000000 -0.000001 0.000002 0.000000 -0.000001 0.000002 0.000000 -0.000001 0.000002 0.000000 -0.000001 0.000002 0.000001 
-0.763382 0.000000 -0.109374 -4.322387 -42.505681 -43.268842 19.679624 11.870802 -114.508463 12.535370 12.337138 -9.809612 1.469701 -11.717316 -1.338152 -0.000001 0.000000 0.000000 -0.000001 0.000000 0.000000 -0.000001 0.000001 -0.000000 -0.000001 0.000001 -0.000000 0.000000 0.000001 -0.000000 -0.000001 0.000001 -0.000000 -0.000002 0.000001 0.000000 -0.000000 0.000001 -0.000000 -0.000001 0.000001 -0.000001 -0.000000 0.000001 0.000001 -0.000001 0.000001 -0.000000 -0.000001 0.000001 -0.000000 -0.000001 0.000001 -0.000000 -0.000001 0.000001 -0.000000 
-0.763382 0.000000 -0.109374 -4.223871 -42.422544 -42.699894 19.529686 12.031345 -115.339246 12.394613 12.749600 -9.937431 1.409608 -11.458167 -1.271048 -0.000001 0.000002 -0.000000 -0.000001 0.000002 -0.000000 0.000001 -0.000003 0.000000 0.000002 -0.000001 0.000000 0.000000 -0.000003 -0.000000 0.000001 -0.000003 0.000001 0.000002 -0.000003 0.000001 0.000003 0.000001 0.000001 0.000001 -0.000003 0.000001 0.000003 0.000001 0.000000 0.000000 -0.000003 -0.000001 0.000001 -0.000003 0.000001 0.000001 -0.000003 0.000001 0.000001 -0.000003 0.000001 
-0.763382 0.000000 -0.109374 -4.924167 -43.070203 -41.815842 19.154079 12.639562 -115.909567 12.027743 13.235186 -9.943105 1.338495 -11.118225 -1.277384 0.000001 0.000003 0.000000 0.000001 0.000003 0.000000 -0.000000 -0.000001 -0.000001 0.000001 0.000001 -0.000001 0.000000 0.000001 -0.000000 -0.000000 -0.000001 0.000000 -0.000000 0.000001 -0.000000 -0.000001 0.000003 -0.000001 -0.000000 -0.000001 -0.000000 0.000001 0.000000 0.000001 0.000001 -0.000001 -0.000000 -0.000000 -0.000001 0.000000 -0.000000 -0.000001 0.000000 -0.000000 -0.000001 -0.000000 
-0.763382 0.000000 -0.109374 -5.301434 -43.528587 -41.199161 19.145242 13.230382 -116.934478 11.718866 13.686394 -9.975860 1.364345 -10.865717 -1.263524 -0.000001 -0.000001 0.000002 -0.000001 -0.000001 0.000002 -0.000002 0.000000 -0.000000 -0.000000 0.000000 -0.000001 -0.000000 0.000002 -0.000000 -0.000002 0.000000 0.000000 0.000000 0.000000 0.000000 -0.000001 0.000002 0.000000 -0.000002 0.000000 -0.000000 0.000000 0.000000 -0.000000 -0.000002 0.000000 -0.000000 -0.000002 0.000000 -0.000000 -0.000002 0.000000 -0.000000 -0.000002 0.000000 0.000001 
-0.763382 0.000000 -0.109374 -5.852780 -43.802389 -41.446244 18.964078 13.875651 -117.067830 11.280457 14.036248 -9.825907 1.486338 -10.750490 -1.220890 -0.000001 0.000000 0.000000 -0.000001 0.000000 0.000000 -0.000001 -0.000001 -0.000001 -0.000002 0.000000 -0.000000 0.000001 -0.000001 -0.000001 -0.000001 -0.000001 -0.000001 -0.000001 -0.000001 -0.000000 0.000001 -0.000001 0.000001 -0.000001 -0.000001 -0.000000 0.000000 -0.000001 -0.000001 -0.000001 -0.000003 -0.000001 -0.000001 -0.000001 -0.000001 -0.000001 -0.000001 -0.000001 -0.000001 -0.000001 -0.000001 
-0.763382 0.000000 -0.109374 -6.904150 -43.934082 -42.707493 18.215375 14.578387 -115.696848 10.672743 14.192199 -9.380054 1.648610 -10.775806 -1.181405 -0.000002 0.000001 0.000001 -0.000002 0.000001 0.000001 -0.000000 -0.000002 0.000001 -0.000000 -0.000002 0.000001 -0.000001 0.000000 -0.000000 -0.000000 -0.000002 0.000002 -0.000001 -0.000002 0.000001 0.000002 -0.000002 0.000002 -0.000000 -0.000002 0.000001 -0.000000 0.000000 -0.000001 -0.000001 -0.000002 0.000001 -0.000000 -0.000002 0.000002 -0.000000 -0.000002 0.000002 -0.000000 -0.000002 0.000002 
-0.763382 0.000000 -0.109374 -8.600868 -43.996387 -44.677705 16.668605 15.235948 -112.950661 10.009453 14.037539 -8.626901 1.739943 -10.898790 -1.218089 0.000000 0.000002 -0.000001 0.000000 0.000002 -0.000001 -0.000001 -0.000001 -0.000001 0.000001 0.000001 0.000000 -0.000000 0.000001 -0.000001 -0.000001 -0.000001 0.000000 0.000001 -0.000002 -0.000001 -0.000000 0.000000 -0.000001 -0.000001 -0.000001 -0.000000 0.000002 0.000000 -0.000001 -0.000000 0.000001 -0.000001 -0.000001 -0.000001 0.000000 -0.000001 -0.000001 0.000000 -0.000001 -0.000001 0.000001 
-0.763382 0.000000 -0.109374 -10.803856 -43.162322 -48.303023 13.048221 16.060024 -108.716565 9.089714 13.379547 -7.375067 1.770431 -11.238871 -1.320960 -0.000002 0.000002 -0.000001 -0.000002 0.000002 -0.000001 0.000000 0.000001 -0.000000 -0.000000 0.000001 0.000000 0.000002 0.000002 0.000000 0.000000 0.000001 -0.000001 -0.000000 0.000001 -0.000001 0.000001 0.000001 -0.000002 0.000000 0.000001 -0.000001 0.000000 0.000001 -0.000001 -0.000000 0.000003 0.000000 0.000000 0.000001 -0.000001 0.000000 0.000001 -0.000001 0.000000 0.000001 -0.000000 
-0.763382 0.000000 -0.109374 -13.029984 -42.559923 -51.561289 10.292594 16.889550 -106.212959 9.067260 12.445843 -6.829256 1.819804 -11.329857 -1.322010 0.000001 -0.000003 -0.000001 0.000001 -0.000003 -0.000001 -0.000002 -0.000003 0.000001 -0.000001 0.000001 -0.000001 -0.000003 0.000001 -0.000001 -0.000002 -0.000003 -0.000001 -0.000001 -0.000003 -0.000001 -0.000002 -0.000003 -0.000002 -0.000002 -0.000003 -0.000000 -0.000001 0.000001 -0.000003 -0.000001 -0.000001 -0.000001 -0.000002 -0.000003 -0.000001 -0.000002 -0.000003 -0.000001 -0.000002 -0.000003 -0.000001 
-0.763382 0.000000 -0.109374 -14.794866 -42.342689 -53.521093 8.841433 17.369357 -106.256331 9.675742 11.525962 -6.917669 1.903504 -11.320422 -1.213735 -0.000000 -0.000000 0.000003 -0.000000 -0.000000 0.000003 -0.000001 -0.000000 0.000002 -0.000000 -0.000000 -0.000002 -0.000000 -0.000000 -0.000004 -0.000001 -0.000000 0.000000 -0.000001 0.000001 0.000003 0.000001 -0.000002 -0.000001 -0.000001 -0.000000 0.000001 -0.000001 -0.000000 -0.000006 -0.000000 -0.000000 -0.000001 -0.000001 -0.000000 -0.000000 -0.000001 -0.000000 -0.000000 -0.000001 -0.000000 0.000001 
-0.763382 0.000000 -0.109374 -15.494872 -42.361100 -53.845509 8.365599 17.489604 -107.759901 10.422296 10.934815 -7.379291 2.006316 -11.270705 -1.035124 -0.000000 -0.000000 0.000001 -0.000001 -0.000000 0.000001 -0.000001 0.000002 -0.000000 -0.000000 -0.000001 -0.000000 0.000001 0.000000 -0.000003 -0.000001 0.000002 -0.000000 -0.000001 0.000002 0.000002 -0.000001 -0.000001 -0.000001 -0.000001 0.000002 -0.000000 -0.000001 0.000002 -0.000003 0.000001 0.000002 -0.000001 -0.000001 0.000002 -0.000000 -0.000001 0.000002 -0.000000 -0.000001 0.000002 -0.000001 
-0.763382 0.000000 -0.109374 -14.361735 -42.070540 -52.746979 7.725035 17.572009 -107.683219 10.604321 11.041515 -7.776502 2.082733 -11.152656 -0.871703 -0.000000 -0.000001 -0.000001 -0.000000 0.000002 -0.000000 -0.000001 -0.000002 0.000003 0.000000 -0.000002 0.000002 0.000000 -0.000002 0.000000 -0.000001 -0.000002 0.000003 -0.000001 -0.000000 0.000003 -0.000001 -0.000000 0.000001 -0.000001 -0.000002 0.000002 -0.000001 -0.000002 -0.000001 -0.000001 -0.000002 0.000002 -0.000001 -0.000002 0.000003 -0.000001 -0.000002 0.000003 -0.000001 -0.000002 0.000001 
-0.763382 0.000000 -0.109374 -13.341382 -42.413088 -49.990455 8.405618 16.861169 -110.252251 11.082406 11.165998 -8.634846 2.350653 -11.140261 -0.529661 0.000001 -0.000001 -0.000000 0.000001 -0.000001 -0.000000 0.000000 0.000001 -0.000000 0.000000 -0.000001 0.000002 0.000001 0.000001 0.000001 0.000000 0.000001 -0.000001 0.000000 0.000001 -0.000001 0.000000 0.000001 -0.000001 0.000000 0.000001 -0.000000 0.000000 -0.000001 -0.000001 0.000000 -0.000003 0.000000 0.000000 0.000001 -0.000001 0.000000 0.000001 -0.000001 0.000000 0.000001 -0.000001 
-0.763382 0.000000 -0.109374 -11.957822 -42.581035 -48.167484 9.225208 16.370288 -111.458483 11.326729 11.732278 -9.188455 2.510217 -11.086988 -0.269184 0.000001 -0.000002 -0.000000 0.000001 -0.000004 0.000001 -0.000000 -0.000002 0.000002 -0.000000 -0.000002 0.000001 -0.000000 -0.000002 -0.000000 -0.000000 -0.000002 0.000003 0.000000 -0.000001 0.000002 0.000000 -0.000002 0.000001 -0.000000 -0.000002 0.000002 -0.000000 -0.000004 0.000000 -0.000001 -0.000002 0.000001 -0.000000 -0.000002 0.000003 -0.000000 -0.000002 0.000003 -0.000000 -0.000002 0.000002 
-0.763382 0.000000 -0.109374 -10.736575 -42.646745 -47.309759 9.794946 16.021016 -111.547050 11.440861 12.293700 -9.557841 2.612704 -11.129274 -0.088227 0.000000 -0.000000 -0.000000 0.000000 -0.000000 -0.000000 0.000002 0.000002 -0.000000 0.000001 0.000000 -0.000000 0.000000 0.000002 -0.000003 0.000002 0.000002 0.000000 0.000001 0.000004 0.000000 0.000000 0.000000 0.000001 0.000002 0.000002 0.000001 -0.000000 -0.000001 -0.000001 -0.000000 0.000002 0.000000 0.000002 0.000002 -0.000000 0.000002 0.000002 -0.000000 0.000002 0.000002 -0.000000 
-0.763382 0.000000 -0.109374 -9.938463 -42.708104 -47.249381 10.074775 15.678737 -111.009917 11.533519 12.600032 -9.865997 2.673849 -11.272914 0.014798 -0.000001 0.000001 -0.000000 -0.000001 0.000001 -0.000000 -0.000001 0.000000 0.000002 -0.000001 -0.000003 0.000003 -0.000003 0.000000 -0.000001 -0.000001 0.000000 0.000002 0.000000 0.000002 0.000003 0.000000 -0.000002 0.000003 -0.000001 0.000000 0.000002 -0.000001 -0.000003 -0.000001 -0.000003 0.000000 0.000000 -0.000001 0.000000 0.000002 -0.000001 0.000000 0.000002 -0.000001 0.000000 0.000001 
-0.763382 0.000000 -0.109374 -9.565818 -42.862613 -47.622012 10.379304 15.146313 -110.582368 11.724821 12.599216 -10.242103 2.672647 -11.393453 0.040129 -0.000001 -0.000000 0.000001 -0.000001 -0.000000 0.000001 0.000001 0.000000 0.000002 -0.000000 -0.000002 0.000002 -0.000001 0.000000 0.000000 0.000001 0.000000 0.000002 0.000001 0.000002 -0.000001 0.000001 -0.000001 0.000000 0.000001 0.000000 0.000002 -0.000000 -0.000003 0.000000 0.000001 0.000000 0.000002 0.000001 0.000000 0.000002 0.000001 0.000000 0.000002 0.000001 0.000000 0.000001 
-0.763382 0.000000 -0.109374 -9.781541 -43.581371 -48.160504 11.941407 13.884087 -111.661469 12.594770 12.614630 -10.887620 2.616944 -11.503323 -0.015516 -0.000001 -0.000003 0.000000 0.000000 -0.000003 0.000000 -0.000000 0.000003 -0.000000 0.000000 0.000001 -0.000000 -0.000000 0.000003 0.000002 -0.000000 0.000003 0.000000 0.000000 0.000003 -0.000002 -0.000000 0.000001 -0.000000 -0.000000 0.000003 0.000001 -0.000000 0.000003 -0.000002 -0.000000 0.000003 0.000001 -0.000000 0.000003 0.000000 -0.000000 0.000003 0.000000 -0.000000 0.000003 0.000000 
-0.763382 0.000000 -0.109374 -10.108852 -44.383696 -47.760023 12.812935 12.889675 -111.978103 13.230318 12.558447 -11.342725 2.577423 -11.679696 -0.158237 0.000001 0.000001 -0.000000 0.000001 0.000001 -0.000000 -0.000000 -0.000001 0.000002 -0.000000 -0.000001 0.000002 -0.000000 -0.000001 0.000002 -0.000000 -0.000001 0.000002 -0.000001 0.000001 0.000001 -0.000000 0.000001 0.000001 -0.000000 -0.000001 0.000003 -0.000000 -0.000001 -0.000001 -0.000000 -0.000001 0.000001 -0.000000 -0.000001 0.000002 -0.000000 -0.000001 0.000002 -0.000000 -0.000001 0.000002 
-0.763382 0.000000 -0.109374 -10.072002 -44.946480 -47.207624 13.496870 12.046426 -112.053167 13.735196 12.388215 -11.586165 2.639934 -11.818880 -0.278002 0.000001 0.000000 0.000000 0.000001 0.000000 0.000000 -0.000000 0.000000 -0.000000 -0.000000 -0.000001 0.000000 -0.000000 -0.000001 0.000001 -0.000000 0.000000 0.000000 -0.000000 0.000001 0.000000 0.000000 0.000000 0.000001 -0.000000 0.000000 0.000001 0.000000 0.000001 -0.000001 -0.000000 0.000001 -0.000001 -0.000000 0.000000 0.000000 -0.000000 0.000000 0.000000 -0.000000 0.000000 0.000001 
-0.763382 0.000000 -0.109374 -9.786421 -45.238832 -46.848131 14.083804 11.290823 -112.251932 14.197073 12.034754 -11.722804 2.762911 -11.900962 -0.362394 0.000001 0.000001 -0.000001 0.000001 0.000001 -0.000001 -0.000001 0.000001 -0.000000 -0.000001 -0.000001 0.000001 0.000001 -0.000001 0.000001 -0.000001 0.000001 0.000000 0.000001 0.000001 0.000000 0.000000 0.000003 0.000001 -0.000001 0.000001 0.000001 -0.000000 0.000003 -0.000001 -0.000000 0.000001 0.000001 -0.000001 0.000001 0.000000 -0.000001 0.000001 0.000000 -0.000001 0.000001 0.000001 
-0.763382 0.000000 -0.109374 -9.942227 -45.533330 -46.581900 14.268062 10.629380 -112.807302 14.685243 11.401172 -11.982067 2.776242 -11.989269 -0.497414 -0.000000 -0.000002 -0.000001 -0.000000 -0.000003 -0.000000 -0.000000 -0.000000 -0.000000 -0.000000 -0.000002 -0.000000 -0.000000 -0.000000 0.000000 -0.000000 -0.000000 0.000001 -0.000001 -0.000000 0.000000 0.000000 0.000001 0.000000 -0.000000 -0.000000 0.000001 -0.000000 -0.000002 -0.000001 -0.000000 -0.000000 -0.000001 -0.000000 -0.000000 0.000001 -0.000000 -0.000000 0.000001 -0.000000 -0.000000 0.000000 
-0.763382 0.000000 -0.109374 -10.130991 -45.768281 -46.996322 14.640753 10.355198 -112.252957 14.955399 10.898760 -11.853339 2.790534 -11.985583 -0.707163 -0.000000 -0.000006 0.000000 0.000001 -0.000006 0.000000 0.000000 -0.000000 0.000001 0.000001 -0.000002 0.000003 0.000000 -0.000002 0.000003 0.000000 -0.000000 0.000001 0.000000 -0.000000 -0.000001 -0.000001 0.000001 0.000000 0.000000 -0.000000 0.000001 -0.000000 -0.000002 -0.000001 0.000000 -0.000002 0.000002 0.000000 -0.000000 0.000001 0.000000 -0.000000 0.000001 0.000000 -0.000000 0.000001 
-0.763382 0.000000 -0.109374 -10.432012 -46.245155 -47.177216 15.516122 9.839131 -112.319210 15.532724 10.441279 -11.910875 2.803843 -11.973443 -0.880814 0.000000 0.000002 0.000000 -0.000000 0.000002 0.000000 -0.000000 -0.000002 0.000000 0.000000 -0.000002 0.000001 -0.000000 -0.000002 0.000001 -0.000000 -0.000002 0.000000 0.000000 -0.000002 -0.000001 0.000000 0.000002 -0.000000 -0.000000 -0.000002 0.000002 -0.000000 -0.000003 -0.000001 -0.000001 -0.000002 0.000002 -0.000000 -0.000002 0.000000 -0.000000 -0.000002 0.000000 -0.000000 -0.000002 0.000000 
-0.763382 0.000000 -0.109374 -10.490703 -46.681638 -47.038662 16.641824 9.296257 -112.657659 16.155916 10.208042 -12.002885 2.816189 -11.987112 -1.018697 0.000000 -0.000003 0.000001 0.000000 -0.000003 0.000001 -0.000000 0.000001 -0.000001 -0.000000 -0.000001 0.000003 -0.000001 -0.000001 0.000002 -0.000000 0.000001 0.000000 -0.000000 0.000003 -0.000001 0.000001 0.000003 -0.000001 -0.000000 0.000001 0.000000 -0.000000 0.000001 -0.000001 -0.000000 -0.000000 0.000001 -0.000000 0.000001 -0.000000 -0.000000 0.000001 -0.000000 -0.000000 0.000001 -0.000001 
-0.763382 0.000000 -0.109374 -10.315136 -46.980271 -46.590445 17.802340 8.794182 -113.301924 16.707338 10.140766 -12.127294 2.808209 -12.015349 -1.145978 -0.000000 -0.000002 -0.000000 0.000000 -0.000003 0.000001 0.000000 0.000000 -0.000002 0.000001 -0.000001 0.000000 -0.000000 -0.000001 -0.000001 0.000000 0.000000 -0.000002 0.000000 0.000002 -0.000000 0.000001 0.000002 -0.000001 0.000000 0.000000 -0.000001 0.000000 -0.000001 -0.000002 -0.000000 -0.000001 -0.000001 0.000000 0.000000 -0.000002 0.000000 0.000000 -0.000002 0.000000 0.000000 -0.000002 
-0.763382 0.000000 -0.109374 -10.288859 -47.230041 -45.952707 18.809214 8.242877 -114.660284 17.208276 9.940239 -12.421954 2.741424 -12.001285 -1.312597 0.000000 -0.000000 -0.000000 0.000000 -0.000000 -0.000000 -0.000000 0.000000 0.000000 0.000000 0.000000 0.000001 0.000000 0.000002 0.000001 -0.000000 0.000000 -0.000000 -0.000000 0.000002 -0.000002 -0.000000 0.000000 -0.000000 -0.000000 0.000000 0.000000 0.000000 0.000000 -0.000001 0.000000 0.000002 -0.000001 -0.000000 0.000000 -0.000000 -0.000000 0.000000 -0.000000 -0.000000 0.000000 -0.000000 
-0.763382 0.000000 -0.109374 -10.351746 -47.366331 -45.548930 19.376516 7.777956 -115.854557 17.582673 9.751079 -12.656715 2.733657 -12.054647 -1.422150 -0.000001 0.000001 -0.000000 -0.000000 0.000001 -0.000000 -0.000000 0.000001 -0.000003 -0.000000 0.000001 -0.000001 0.000000 0.000001 -0.000002 -0.000000 0.000001 -0.000002 -0.000000 0.000001 -0.000002 0.000000 -0.000000 -0.000001 -0.000000 0.000001 -0.000003 -0.000000 0.000001 -0.000002 0.000000 0.000001 -0.000003 -0.000000 0.000001 -0.000002 -0.000000 0.000001 -0.000002 -0.000000 0.000001 -0.000003 
-0.763382 0.000000 -0.109374 -10.520424 -47.476177 -45.319726 19.631017 7.399780 -116.803734 17.945521 9.539694 -12.823603 2.715959 -12.085058 -1.523643 0.000001 -0.000001 0.000000 0.000001 -0.000001 -0.000000 -0.000000 -0.000000 -0.000001 -0.000000 0.000001 0.000001 -0.000000 -0.000000 -0.000001 -0.000000 -0.000000 -0.000001 -0.000000 0.000001 -0.000000 -0.000001 0.000001 -0.000000 -0.000000 -0.000000 -0.000001 -0.000000 -0.000000 -0.000001 -0.000000 -0.000000 -0.000001 -0.000000 -0.000000 -0.000001 -0.000000 -0.000000 -0.000001 -0.000000 -0.000000 -0.000001 
-0.763382 0.000000 -0.109374 -10.736851 -47.495056 -45.405226 19.581652 7.240733 -117.179818 18.166193 9.316416 -12.903493 2.703067 -12.111729 -1.631937 -0.000000 0.000001 0.000000 -0.000000 0.000001 0.000000 -0.000000 0.000000 -0.000000 -0.000000 0.000000 0.000001 -0.000000 0.000000 -0.000001 -0.000000 0.000000 -0.000001 -0.000000 0.000000 -0.000001 -0.000000 0.000000 -0.000001 -0.000000 0.000000 -0.000001 0.000000 0.000000 -0.000000 0.000000 0.000000 -0.000001 -0.000000 0.000000 -0.000001 -0.000000 0.000000 -0.000001 -0.000000 0.000000 -0.000001 
-0.763382 0.000000 -0.109374 -11.091204 -47.468886 -45.731132 19.221720 7.279575 -117.165188 18.290029 9.032987 -12.949829 2.702491 -12.150043 -1.740784 -0.000000 -0.000001 0.000000 -0.000000 -0.000001 0.000000 -0.000001 0.000002 -0.000001 -0.000000 0.000002 -0.000000 -0.000000 0.000001 -0.000001 -0.000001 0.000002 -0.000001 -0.000000 0.000004 -0.000000 -0.000001 0.000002 -0.000001 -0.000001 0.000002 -0.000001 -0.000000 0.000002 -0.000001 -0.000000 0.000002 -0.000002 -0.000001 0.000002 -0.000001 -0.000001 0.000002 -0.000001 -0.000001 0.000002 -0.000001 
-0.763382 0.000000 -0.109374 -11.825304 -47.554857 -46.012403 18.525555 7.347579 -117.453135 18.536840 8.581503 -13.085985 2.714563 -12.211507 -1.822806 -0.000000 0.000001 -0.000001 0.000000 0.000001 -0.000001 -0.000000 -0.000000 -0.000000 -0.000000 0.000001 0.000001 -0.000000 -0.000000 -0.000001 -0.000000 -0.000000 -0.000000 0.000000 0.000001 0.000000 0.000000 0.000001 0.000000 -0.000000 -0.000000 -0.000001 0.000000 -0.000000 -0.000001 -0.000000 -0.000000 -0.000001 -0.000000 -0.000000 -0.000000 -0.000000 -0.000000 -0.000000 -0.000000 -0.000000 -0.000001 
-0.763382 0.000000 -0.109374 -12.423039 -47.529244 -45.856572 17.559016 7.251910 -118.445794 18.885973 7.917003 -13.347963 2.710272 -12.235896 -1.889704 0.000000 0.000001 -0.000001 0.000000 0.000001 -0.000001 0.000000 0.000000 -0.000001 0.000000 -0.000001 0.000000 -0.000000 -0.000001 -0.000000 0.000000 0.000000 -0.000001 0.000000 0.000000 -0.000001 0.000000 0.000002 -0.000001 0.000000 0.000000 0.000000 0.000000 0.000002 -0.000001 -0.000000 0.000000 -0.000001 0.000000 0.000000 -0.000001 0.000000 0.000000 -0.000001 0.000000 0.000000 -0.000001 
-0.763382 0.000000 -0.109374 -12.328928 -47.316030 -44.769523 16.286811 7.111379 -119.873536 19.126869 7.174952 -13.677240 2.678145 -12.244444 -1.924403 -0.000000 0.000002 -0.000000 -0.000001 0.000002 -0.000000 0.000000 -0.000001 -0.000001 -0.000001 -0.000003 0.000000 -0.000000 -0.000003 0.000000 0.000000 -0.000001 -0.000000 -0.000000 -0.000001 0.000001 0.000000 0.000001 0.000001 0.000000 -0.000001 0.000000 -0.000001 -0.000001 0.000001 0.000000 -0.000003 0.000000 0.000000 -0.000001 -0.000000 0.000000 -0.000001 -0.000000 0.000000 -0.000001 0.000000 
-0.763382 0.000000 -0.109374 -11.496838 -46.743537 -43.281720 14.818384 7.026310 -120.770134 19.145594 6.705175 -13.799444 2.691675 -12.176042 -1.857242 0.000001 -0.000001 -0.000000 0.000001 -0.000001 -0.000000 -0.000000 0.000003 -0.000002 -0.000000 0.000001 0.000000 -0.000000 0.000001 0.000000 -0.000000 0.000003 -0.000001 -0.000000 0.000003 -0.000001 -0.000000 0.000001 -0.000001 -0.000000 0.000003 -0.000001 -0.000000 0.000003 -0.000001 -0.000000 0.000001 0.000000 -0.000000 0.000003 -0.000001 -0.000000 0.000003 -0.000001 -0.000000 0.000003 -0.000001 
-0.763382 0.000000 -0.109374 -9.994712 -45.697780 -41.499990 13.113748 7.033998 -120.706914 18.844570 6.739894 -13.664447 2.801956 -12.013405 -1.648981 -0.000001 0.000003 -0.000001 -0.000001 0.000001 -0.000000 0.000000 -0.000000 -0.000001 0.000000 -0.000000 -0.000001 -0.000000 -0.000002 -0.000001 0.000000 -0.000000 -0.000000 0.000001 -0.000000 -0.000000 0.000000 -0.000000 0.000000 0.000000 -0.000000 -0.000000 0.000000 -0.000000 -0.000002 -0.000000 -0.000002 -0.000000 0.000000 -0.000000 -0.000000 0.000000 -0.000000 -0.000000 0.000000 -0.000000 -0.000001 
-0.763382 0.000000 -0.109374 -8.014337 -44.120939 -39.113406 10.976064 7.136363 -119.793240 18.132373 7.391270 -13.436623 3.037467 -11.782372 -1.291127 -0.000001 -0.000000 0.000000 -0.000001 -0.000000 0.000000 -0.000000 -0.000001 0.000000 -0.000001 -0.000001 0.000001 -0.000001 -0.000001 0.000001 -0.000000 -0.000001 0.000001 0.000000 0.000000 -0.000000 -0.000000 -0.000001 0.000001 -0.000000 -0.000001 0.000001 -0.000000 0.000000 0.000001 -0.000001 -0.000001 0.000000 -0.000000 -0.000001 0.000001 -0.000000 -0.000001 0.000001 -0.000000 -0.000001 0.000000 
-0.763382 0.000000 -0.109374 -6.311953 -42.452942 -38.327149 10.092054 8.314797 -112.537127 15.673329 9.576053 -11.893193 2.925144 -11.412438 -1.337218 0.000001 -0.000003 0.000001 0.000001 -0.000003 0.000001 0.000000 -0.000001 0.000002 0.000000 -0.000001 0.000002 0.000000 -0.000001 0.000001 0.000000 -0.000001 0.000002 0.000001 -0.000001 0.000002 0.000000 -0.000001 0.000002 0.000000 -0.000001 0.000003 0.000000 0.000000 -0.000003 -0.000001 -0.000001 0.000002 0.000000 -0.000001 0.000002 0.000000 -0.000001 0.000002 0.000000 -0.000001 0.000002 
-0.763382 0.000000 -0.109374 -5.715662 -41.533182 -37.857860 9.721180 9.244050 -109.111241 14.279845 10.957339 -11.013406 3.260212 -11.334063 -1.132966 0.000000 -0.000006 -0.000001 0.000000 -0.000006 -0.000001 -0.000000 -0.000003 0.000001 -0.000001 -0.000001 -0.000001 -0.000000 -0.000001 -0.000000 -0.000000 -0.000003 0.000001 0.000000 -0.000001 0.000002 -0.000001 -0.000001 0.000003 -0.000000 -0.000003 0.000002 -0.000000 0.000001 -0.000001 -0.000000 -0.000003 0.000000 -0.000000 -0.000003 0.000001 -0.000000 -0.000003 0.000001 -0.000000 -0.000003 -0.000000 
-0.763382 0.000000 -0.109374 -5.916125 -41.060748 -38.630122 9.358511 9.935950 -107.281576 13.419443 11.805523 -10.340896 3.662026 -11.412695 -0.989020 0.000001 0.000001 -0.000001 0.000001 0.000001 -0.000001 -0.000001 -0.000001 0.000001 0.000000 0.000001 -0.000002 0.000001 0.000001 0.000000 -0.000001 -0.000001 0.000002 -0.000001 -0.000001 0.000000 -0.000003 -0.000002 0.000000 -0.000001 -0.000001 0.000002 0.000000 0.000001 -0.000003 -0.000000 -0.000001 0.000001 -0.000001 -0.000001 0.000002 -0.000001 -0.000001 0.000002 -0.000001 -0.000001 -0.000000 
-0.763382 0.000000 -0.109374 -6.731357 -40.875411 -40.684565 8.771163 10.439239 -105.780519 12.860837 12.268304 -9.673673 3.963924 -11.548337 -0.976425 -0.000000 0.000000 -0.000000 -0.000000 0.000000 -0.000000 0.000000 -0.000001 -0.000001 0.000000 0.000003 -0.000003 0.000001 -0.000001 -0.000001 0.000000 -0.000001 -0.000002 -0.000001 -0.000001 -0.000002 0.000001 -0.000002 -0.000002 0.000000 -0.000001 -0.000002 0.000000 0.000003 -0.000004 0.000002 -0.000001 -0.000002 0.000000 -0.000001 -0.000002 0.000000 -0.000001 -0.000002 0.000000 -0.000001 -0.000002 
-0.763382 0.000000 -0.109374 -8.108527 -40.967502 -43.165105 8.047727 10.915367 -104.320266 12.704313 12.406072 -9.101675 4.213020 -11.670969 -0.927938 0.000001 0.000000 0.000001 0.000001 0.000000 0.000001 -0.000001 -0.000001 -0.000001 -0.000000 0.000001 -0.000001 -0.000000 0.000001 0.000001 -0.000001 -0.000001 -0.000002 0.000000 -0.000001 -0.000001 -0.000002 -0.000001 0.000000 -0.000001 -0.000001 -0.000001 0.000000 0.000001 -0.000001 0.000000 -0.000001 0.000001 -0.000001 -0.000001 -0.000002 -0.000001 -0.000001 -0.000002 -0.000001 -0.000001 -0.000002 
-0.763382 0.000000 -0.109374 -9.029740 -41.104584 -45.176640 7.876664 11.502897 -103.090852 12.650246 12.367844 -8.781591 4.264412 -11.587563 -0.874710 -0.000001 0.000002 -0.000004 -0.000001 0.000002 -0.000004 -0.000002 -0.000000 -0.000001 0.000001 -0.000000 -0.000005 0.000001 0.000001 -0.000000 -0.000002 -0.000000 -0.000002 0.000002 -0.000002 -0.000002 0.000000 -0.000002 -0.000001 -0.000002 -0.000000 -0.000002 0.000000 0.000001 -0.000003 -0.000001 -0.000000 -0.000001 -0.000002 -0.000000 -0.000002 -0.000002 -0.000000 -0.000002 -0.000002 -0.000000 -0.000002 
-0.763382 0.000000 -0.109374 -9.597106 -41.078230 -45.711243 7.289082 11.930559 -103.369572 12.517101 12.105075 -8.924524 4.241913 -11.503561 -0.766269 0.000003 0.000001 0.000001 0.000003 0.000001 0.000001 -0.000000 -0.000002 -0.000002 -0.000001 0.000002 -0.000003 -0.000001 0.000000 0.000001 -0.000000 -0.000002 -0.000001 -0.000001 -0.000001 0.000000 -0.000001 -0.000002 -0.000001 -0.000000 -0.000002 -0.000001 -0.000001 0.000000 -0.000003 -0.000001 -0.000002 0.000000 -0.000000 -0.000002 -0.000001 -0.000000 -0.000002 -0.000001 -0.000000 -0.000002 -0.000001 
-0.763382 0.000000 -0.109374 -9.587509 -40.885126 -45.320976 6.456484 12.295880 -103.503642 11.993953 11.971835 -9.119686 4.234209 -11.467582 -0.636536 -0.000000 0.000002 0.000001 -0.000000 0.000002 0.000001 0.000001 -0.000001 -0.000000 -0.000000 -0.000001 -0.000004 0.000001 -0.000001 -0.000004 0.000001 -0.000001 -0.000002 0.000001 0.000001 0.000000 0.000001 0.000001 0.000000 0.000001 -0.000001 -0.000000 -0.000001 0.000001 -0.000002 0.000001 -0.000001 -0.000001 0.000001 -0.000001 -0.000002 0.000001 -0.000001 -0.000002 0.000001 -0.000001 -0.000002 
-0.763382 0.000000 -0.109374 -9.288164 -40.801481 -44.594647 5.814308 12.610332 -103.153396 11.241324 12.031453 -9.208324 4.268244 -11.474322 -0.534743 0.000002 0.000000 -0.000000 0.000002 0.000000 -0.000000 -0.000000 0.000000 -0.000000 -0.000001 -0.000001 -0.000005 0.000001 0.000002 -0.000001 -0.000000 0.000000 -0.000001 0.000001 0.000000 0.000001 0.000001 0.000001 -0.000001 -0.000000 0.000000 -0.000000 -0.000000 -0.000002 -0.000001 -0.000000 0.000000 0.000000 -0.000000 0.000000 -0.000001 -0.000000 0.000000 -0.000001 -0.000000 0.000000 -0.000001 
-0.763382 0.000000 -0.109374 -9.472492 -41.407984 -44.137577 6.086986 12.834813 -103.300969 10.888246 12.055851 -9.286755 4.308864 -11.464872 -0.525353 0.000001 0.000001 -0.000002 0.000001 0.000001 -0.000002 0.000000 -0.000001 -0.000000 -0.000000 -0.000006 -0.000004 -0.000000 -0.000004 0.000000 0.000000 -0.000001 -0.000001 0.000002 -0.000003 0.000002 -0.000000 -0.000003 0.000000 0.000000 -0.000001 -0.000000 -0.000000 -0.000002 -0.000005 0.000000 -0.000001 0.000000 0.000000 -0.000001 -0.000001 0.000000 -0.000001 -0.000001 0.000000 -0.000001 -0.000001 
-0.763382 0.000000 -0.109374 -10.069165 -42.657069 -44.073517 6.964535 13.008590 -103.415901 10.982931 12.300605 -9.235886 4.267606 -11.433189 -0.565157 -0.000000 0.000000 -0.000002 -0.000000 0.000001 -0.000000 0.000000 -0.000004 0.000002 -0.000001 0.000001 0.000000 -0.000000 -0.000002 0.000001 0.000000 -0.000004 0.000003 -0.000001 -0.000006 0.000002 -0.000000 -0.000004 0.000003 0.000000 -0.000004 0.000002 0.000001 0.000000 -0.000001 0.000000 -0.000002 0.000002 0.000000 -0.000004 0.000003 0.000000 -0.000004 0.000003 0.000000 -0.000004 0.000001 
-0.763382 0.000000 -0.109374 -10.503363 -43.564815 -44.094369 7.666393 13.067369 -103.949892 11.205805 12.487875 -9.198999 4.229769 -11.448967 -0.603943 0.000001 -0.000002 -0.000002 0.000001 -0.000001 -0.000000 0.000000 -0.000003 0.000004 0.000001 0.000001 -0.000000 -0.000000 -0.000001 0.000003 0.000000 -0.000003 0.000003 0.000001 -0.000004 0.000003 -0.000001 -0.000003 0.000004 0.000000 -0.000003 0.000003 0.000001 -0.000001 0.000001 0.000001 -0.000001 0.000004 0.000000 -0.000003 0.000003 0.000000 -0.000003 0.000003 0.000000 -0.000003 0.000003 
-0.763382 0.000000 -0.109374 -10.581190 -44.031801 -44.045301 7.851767 13.076562 -104.026124 11.316155 12.590892 -9.065248 4.179911 -11.538085 -0.632817 -0.000000 0.000000 0.000002 -0.000000 0.000000 0.000004 0.000001 -0.000002 0.000002 0.000002 0.000000 -0.000002 0.000002 0.000000 0.000002 0.000001 -0.000002 0.000003 -0.000000 -0.000002 0.000003 -0.000003 -0.000002 0.000003 0.000001 -0.000002 0.000002 -0.000000 0.000000 -0.000001 0.000002 0.000000 0.000003 0.000001 -0.000002 0.000003 0.000001 -0.000002 0.000003 0.000001 -0.000002 0.000002 
-0.763382 0.000000 -0.109374 -10.252104 -44.101220 -43.787206 7.599510 13.078521 -103.646707 11.313724 12.569663 -8.867407 4.105627 -11.683857 -0.639064 0.000001 -0.000001 0.000001 0.000001 -0.000001 0.000001 -0.000002 -0.000001 0.000001 0.000001 -0.000001 0.000001 -0.000000 -0.000001 0.000001 -0.000002 -0.000001 0.000002 -0.000000 -0.000003 0.000001 -0.000000 -0.000003 0.000004 -0.000002 -0.000001 0.000002 -0.000001 0.000000 -0.000001 -0.000001 -0.000001 0.000002 -0.000002 -0.000001 0.000002 -0.000002 -0.000001 0.000002 -0.000002 -0.000001 0.000001 
-0.763382 0.000000 -0.109374 -9.617885 -43.956143 -43.205717 7.408045 13.084403 -103.691602 11.439367 12.371640 -8.783003 3.997672 -11.827081 -0.606038 0.000001 0.000002 0.000003 0.000001 0.000002 0.000003 -0.000000 0.000000 0.000002 0.000001 0.000000 -0.000000 0.000001 0.000000 0.000000 -0.000000 0.000000 0.000002 0.000000 -0.000001 0.000000 -0.000000 -0.000002 0.000001 -0.000000 0.000000 0.000003 0.000000 0.000002 -0.000001 0.000000 0.000002 0.000002 -0.000000 0.000000 0.000002 -0.000000 0.000000 0.000002 -0.000000 0.000000 0.000001 
-0.763382 0.000000 -0.109374 -8.808813 -43.830495 -42.391432 7.897654 13.062225 -103.989009 11.553298 12.381913 -8.716847 3.818562 -11.877664 -0.581281 -0.000001 -0.000002 0.000003 -0.000001 -0.000002 0.000003 -0.000001 0.000002 0.000003 -0.000000 0.000002 0.000000 -0.000000 0.000002 0.000003 -0.000001 0.000002 0.000004 -0.000001 0.000000 0.000004 0.000001 0.000000 0.000004 -0.000001 0.000002 0.000004 0.000001 0.000002 0.000001 -0.000000 0.000002 0.000004 -0.000001 0.000002 0.000004 -0.000001 0.000002 0.000004 -0.000001 0.000002 0.000002 
-0.763382 0.000000 -0.109374 -7.868140 -43.629913 -41.619915 8.266604 12.980570 -103.179276 11.329125 12.475409 -8.560898 3.681370 -11.829237 -0.571812 0.000001 -0.000001 0.000005 0.000001 -0.000001 0.000005 -0.000001 -0.000003 0.000002 0.000000 -0.000001 -0.000000 -0.000002 -0.000003 0.000001 -0.000001 -0.000003 0.000003 -0.000003 -0.000002 0.000000 -0.000000 -0.000000 0.000001 -0.000001 -0.000003 0.000002 -0.000000 0.000001 0.000000 -0.000000 -0.000003 0.000002 -0.000001 -0.000003 0.000003 -0.000001 -0.000003 0.000003 -0.000001 -0.000003 0.000001 
-0.763382 0.000000 -0.109374 -6.890429 -43.349445 -40.367398 8.626718 12.743285 -103.115393 11.035092 12.505972 -8.664955 3.634352 -11.704105 -0.495652 -0.000001 -0.000000 0.000002 -0.000001 -0.000000 0.000002 0.000001 -0.000000 0.000003 0.000001 0.000001 -0.000000 0.000002 -0.000000 0.000001 0.000001 -0.000000 0.000003 0.000001 -0.000002 0.000002 -0.000001 -0.000002 0.000004 0.000001 -0.000000 0.000002 -0.000001 -0.000000 -0.000001 0.000002 -0.000000 0.000002 0.000001 -0.000000 0.000003 0.000001 -0.000000 0.000003 0.000001 -0.000000 0.000002 
-0.763382 0.000000 -0.109374 -6.023088 -42.982514 -38.460805 8.812076 12.360120 -104.635827 10.822138 12.498398 -9.173439 3.659084 -11.522003 -0.341136 0.000000 -0.000002 0.000003 0.000000 -0.000002 0.000003 -0.000001 -0.000001 0.000004 -0.000001 0.000001 0.000001 0.000002 0.000001 0.000003 -0.000001 -0.000001 0.000003 -0.000001 -0.000001 0.000004 -0.000002 -0.000003 0.000006 -0.000001 -0.000001 0.000003 -0.000001 0.000001 -0.000001 -0.000000 -0.000001 0.000003 -0.000001 -0.000001 0.000003 -0.000001 -0.000001 0.000003 -0.000001 -0.000001 0.000003 
-0.763382 0.000000 -0.109374 -5.459932 -42.537851 -36.071824 8.385152 11.986856 -107.571805 10.724822 12.644083 -10.023724 3.670982 -11.300224 -0.166264 0.000001 0.000001 -0.000001 0.000001 0.000001 0.000001 0.000001 0.000001 -0.000000 -0.000000 -0.000001 -0.000001 0.000001 0.000001 0.000000 0.000001 0.000001 -0.000000 -0.000000 -0.000003 0.000002 -0.000002 -0.000003 0.000000 0.000001 0.000001 0.000002 -0.000001 0.000001 -0.000001 0.000002 0.000001 0.000001 0.000001 0.000001 -0.000000 0.000001 0.000001 -0.000000 0.000001 0.000001 -0.000000 
-0.763382 0.000000 -0.109374 -4.955480 -41.970648 -35.157507 8.089194 12.107423 -107.692242 9.781916 13.148144 -10.270798 3.668063 -11.223543 -0.144270 -0.000002 0.000001 -0.000002 -0.000002 0.000001 -0.000000 0.000002 0.000000 -0.000000 -0.000000 -0.000002 -0.000000 0.000002 -0.000000 0.000000 0.000002 0.000000 -0.000000 0.000001 -0.000001 -0.000001 -0.000000 -0.000001 -0.000001 0.000002 0.000000 -0.000000 -0.000001 0.000000 -0.000002 0.000003 -0.000000 0.000001 0.000002 0.000000 -0.000000 0.000002 0.000000 -0.000000 0.000002 0.000000 -0.000001 
-0.763382 0.000000 -0.109374 -4.548767 -41.689108 -34.243970 8.373890 12.125192 -109.111650 9.327990 13.637469 -10.676912 3.604245 -11.127234 -0.155312 -0.000001 -0.000003 0.000001 -0.000001 -0.000003 0.000001 -0.000001 0.000001 -0.000000 0.000001 -0.000001 -0.000002 0.000001 0.000001 0.000000 -0.000001 0.000001 -0.000000 -0.000002 0.000001 0.000000 0.000001 -0.000001 0.000001 -0.000001 0.000001 0.000001 -0.000000 0.000001 -0.000002 -0.000000 0.000001 0.000001 -0.000001 0.000001 -0.000000 -0.000001 0.000001 -0.000000 -0.000001 0.000001 -0.000000 
-0.763382 0.000000 -0.109374 -4.501589 -41.695884 -33.571920 8.628059 12.175436 -110.153186 8.985729 14.150316 -11.066060 3.517063 -11.049117 -0.224916 0.000001 0.000001 0.000002 0.000001 0.000001 0.000002 0.000001 0.000001 0.000001 -0.000000 0.000000 -0.000001 -0.000000 -0.000001 0.000002 0.000001 0.000001 0.000000 -0.000000 0.000001 -0.000001 -0.000000 0.000000 0.000000 0.000001 0.000001 -0.000000 -0.000000 0.000003 -0.000001 0.000001 -0.000001 0.000003 0.000001 0.000001 -0.000000 0.000001 0.000001 -0.000000 0.000001 0.000001 -0.000000 
-0.763382 0.000000 -0.109374 -4.799055 -41.971335 -33.276603 8.804025 12.297366 -110.675736 8.697026 14.670251 -11.383279 3.452743 -11.012760 -0.330732 0.000002 -0.000001 -0.000000 0.000002 -0.000001 -0.000000 0.000001 0.000001 0.000001 -0.000000 0.000001 0.000002 0.000001 -0.000001 0.000002 0.000001 0.000001 -0.000000 -0.000002 0.000001 0.000000 0.000001 -0.000000 -0.000001 0.000001 0.000001 0.000001 0.000001 -0.000000 -0.000001 0.000001 -0.000001 0.000003 0.000001 0.000001 -0.000000 0.000001 0.000001 -0.000000 0.000001 0.000001 0.000001 
-0.763382 0.000000 -0.109374 -5.153394 -42.465455 -33.389697 9.416924 12.396524 -112.074395 8.726833 15.123878 -11.703059 3.466124 -11.027806 -0.402439 -0.000001 -0.000002 0.000003 -0.000001 -0.000002 0.000003 -0.000002 0.000003 0.000003 -0.000000 0.000002 -0.000000 -0.000001 0.000000 0.000000 -0.000002 0.000003 0.000003 0.000002 0.000000 0.000002 -0.000000 0.000001 -0.000002 -0.000002 0.000003 0.000003 -0.000000 0.000004 0.000000 -0.000002 0.000003 0.000001 -0.000002 0.000003 0.000003 -0.000002 0.000003 0.000003 -0.000002 0.000003 0.000002 
-0.763382 0.000000 -0.109374 -4.973390 -43.091704 -33.929805 11.073610 12.503875 -111.529046 8.402494 15.764471 -11.463354 3.462889 -11.009415 -0.610077 -0.000001 0.000002 -0.000001 -0.000000 0.000002 -0.000001 -0.000000 0.000000 -0.000000 -0.000000 -0.000001 0.000001 0.000002 -0.000001 -0.000000 -0.000000 0.000000 -0.000001 -0.000001 0.000000 -0.000001 -0.000000 0.000001 -0.000001 -0.000000 0.000000 -0.000000 -0.000001 0.000000 -0.000001 -0.000000 -0.000002 0.000000 -0.000000 0.000000 -0.000001 -0.000000 0.000000 -0.000001 -0.000000 0.000000 -0.000000 
-0.763382 0.000000 -0.109374 -4.961419 -43.595991 -34.937770 12.652575 12.435866 -110.794554 8.230935 16.418134 -11.116896 3.512086 -11.060919 -0.816040 0.000001 0.000000 0.000001 0.000001 0.000000 0.000001 0.000001 0.000000 -0.000002 0.000002 -0.000001 -0.000000 -0.000000 -0.000005 0.000001 0.000001 0.000000 -0.000001 -0.000000 -0.000002 0.000000 -0.000001 0.000002 -0.000002 0.000001 0.000000 0.000001 0.000000 0.000000 -0.000001 0.000001 0.000000 0.000001 0.000001 0.000000 -0.000001 0.000001 0.000000 -0.000001 0.000001 0.000000 -0.000000 
-0.763382 0.000000 -0.109374 -5.262965 -43.975135 -36.111726 13.772484 12.297798 -110.376984 8.210330 16.977888 -10.852696 3.609010 -11.142170 -0.963492 -0.000001 0.000002 0.000001 -0.000001 0.000002 0.000001 -0.000002 -0.000001 -0.000001 -0.000000 -0.000003 0.000000 0.000000 -0.000003 0.000000 -0.000002 -0.000001 -0.000002 -0.000002 0.000000 0.000001 -0.000002 0.000000 0.000000 -0.000002 -0.000001 -0.000001 -0.000001 -0.000003 0.000000 -0.000002 -0.000001 -0.000001 -0.000002 -0.000001 -0.000002 -0.000002 -0.000001 -0.000002 -0.000002 -0.000001 -0.000001 
-0.763382 0.000000 -0.109374 -5.861351 -44.260568 -37.229934 14.245075 12.197987 -110.321680 8.297017 17.390205 -10.745361 3.718349 -11.234133 -1.030595 -0.000000 0.000001 -0.000000 -0.000000 0.000001 -0.000000 -0.000003 0.000002 0.000001 -0.000001 0.000000 0.000000 -0.000001 0.000000 0.000000 -0.000003 0.000002 -0.000000 0.000001 0.000000 0.000002 0.000002 0.000002 0.000000 -0.000003 0.000002 0.000001 -0.000002 -0.000001 -0.000001 -0.000003 0.000002 -0.000001 -0.000003 0.000002 -0.000000 -0.000003 0.000002 -0.000000 -0.000003 0.000002 -0.000000 
-0.763382 0.000000 -0.109374 -6.583820 -44.526509 -38.154017 14.077767 12.276832 -110.209207 8.400549 17.653940 -10.752516 3.773838 -11.338975 -1.030711 -0.000000 -0.000002 0.000001 -0.000000 -0.000002 0.000001 0.000001 -0.000003 0.000002 -0.000000 -0.000003 0.000002 -0.000003 0.000000 -0.000002 0.000001 -0.000003 0.000001 -0.000001 0.000001 0.000002 0.000000 0.000001 -0.000002 0.000001 -0.000003 0.000002 -0.000001 -0.000001 -0.000003 -0.000001 -0.000002 0.000000 0.000001 -0.000003 0.000001 0.000001 -0.000003 0.000001 0.000001 -0.000003 0.000001 
-0.763382 0.000000 -0.109374 -6.761415 -43.962390 -38.340543 12.836423 12.769705 -110.995854 7.992071 17.764132 -11.211429 3.623478 -11.380968 -0.920961 -0.000000 0.000004 0.000001 -0.000000 0.000004 0.000001 0.000002 0.000001 0.000002 0.000001 -0.000000 0.000001 0.000001 -0.000000 -0.000000 0.000002 0.000001 0.000002 -0.000001 0.000003 0.000001 0.000001 0.000005 -0.000002 0.000002 0.000001 0.000002 -0.000001 0.000001 -0.000001 0.000001 0.000001 -0.000001 0.000002 0.000001 0.000002 0.000002 0.000001 0.000002 0.000002 0.000001 0.000001 
-0.763382 0.000000 -0.109374 -6.547906 -43.722373 -38.163214 12.492426 13.167666 -110.488617 7.545636 17.880781 -11.370036 3.460927 -11.389551 -0.921165 -0.000000 0.000000 -0.000001 -0.000000 0.000000 -0.000001 0.000001 0.000000 0.000002 0.000002 -0.000002 -0.000000 0.000001 0.000000 -0.000001 0.000001 0.000000 0.000001 0.000002 0.000000 -0.000001 0.000000 0.000002 0.000000 0.000001 0.000000 0.000001 0.000001 -0.000001 -0.000001 0.000001 0.000000 -0.000001 0.000001 0.000000 0.000001 0.000001 0.000000 0.000001 0.000001 0.000000 0.000001 
-0.763382 0.000000 -0.109374 -6.473346 -44.085398 -38.142642 13.237829 13.314375 -110.521641 7.591644 18.020824 -11.475776 3.372293 -11.318015 -0.957809 -0.000002 -0.000000 -0.000000 -0.000002 -0.000000 -0.000000 -0.000000 0.000003 0.000001 0.000001 0.000000 -0.000001 0.000000 0.000002 -0.000001 -0.000000 0.000003 0.000000 -0.000000 0.000003 0.000001 -0.000000 0.000002 0.000000 -0.000000 0.000003 0.000001 0.000001 0.000000 -0.000001 -0.000000 0.000003 -0.000001 -0.000000 0.000003 0.000000 -0.000000 0.000003 0.000000 -0.000000 0.000003 0.000001 
-0.763382 0.000000 -0.109374 -6.705985 -44.908538 -38.507831 14.661877 13.183872 -111.329413 8.118053 18.216828 -11.590908 3.353959 -11.193062 -1.018745 0.000001 0.000003 -0.000002 0.000001 0.000003 -0.000002 -0.000002 0.000000 0.000001 -0.000001 -0.000001 0.000001 -0.000001 -0.000001 0.000000 -0.000002 0.000000 -0.000001 -0.000000 0.000001 -0.000001 -0.000000 0.000001 -0.000002 -0.000002 0.000000 0.000001 -0.000002 0.000001 -0.000001 -0.000003 0.000000 0.000000 -0.000002 0.000000 -0.000001 -0.000002 0.000000 -0.000001 -0.000002 0.000000 -0.000000 
-0.763382 0.000000 -0.109374 -7.052932 -45.624233 -39.196478 15.738646 12.915445 -111.550752 8.568314 18.518528 -11.589310 3.312494 -11.114326 -1.153149 -0.000000 0.000002 0.000001 0.000000 0.000002 0.000001 -0.000001 0.000002 -0.000001 0.000001 -0.000002 -0.000000 -0.000002 0.000000 -0.000000 -0.000001 0.000002 0.000000 -0.000002 0.000003 0.000000 -0.000001 0.000001 -0.000001 -0.000001 0.000002 0.000001 -0.000002 0.000000 0.000000 -0.000000 -0.000001 0.000000 -0.000001 0.000002 0.000000 -0.000001 0.000002 0.000000 -0.000001 0.000002 0.000001 
-0.763382 0.000000 -0.109374 -7.891348 -45.977616 -40.113622 15.069752 12.659389 -110.659918 8.676185 18.578255 -11.459300 3.354578 -11.209912 -1.263536 0.000001 -0.000002 -0.000002 0.000001 -0.000002 -0.000002 0.000001 0.000000 0.000002 0.000000 -0.000000 -0.000002 -0.000001 0.000000 -0.000000 0.000001 0.000000 0.000002 -0.000001 0.000002 0.000001 -0.000001 0.000000 0.000002 0.000001 0.000000 0.000003 -0.000002 -0.000000 -0.000002 0.000001 0.000001 -0.000001 0.000001 0.000000 0.000002 0.000001 0.000000 0.000002 0.000001 0.000000 0.000001 
-0.763382 0.000000 -0.109374 -8.513465 -46.000802 -41.302724 14.273086 12.238220 -109.496648 8.832156 18.426865 -11.251307 3.531167 -11.505691 -1.373869 0.000001 0.000003 -0.000001 0.000001 0.000003 -0.000001 -0.000001 0.000003 -0.000000 0.000001 0.000000 0.000001 -0.000000 -0.000003 -0.000001 -0.000001 0.000003 -0.000000 0.000000 0.000004 -0.000001 0.000000 0.000003 0.000000 -0.000001 0.000003 0.000002 -0.000000 0.000001 -0.000001 0.000002 0.000000 -0.000002 -0.000001 0.000003 -0.000000 -0.000001 0.000003 -0.000000 -0.000001 0.000003 -0.000000 
-0.763382 0.000000 -0.109374 -8.853612 -45.641776 -42.335258 13.499089 11.347833 -110.156915 9.496359 17.906997 -11.604774 3.752757 -11.893635 -1.383864 0.000000 0.000001 0.000001 0.000000 0.000001 0.000001 0.000001 -0.000001 -0.000000 0.000002 -0.000001 0.000000 0.000001 -0.000001 0.000000 0.000001 -0.000001 -0.000001 0.000003 0.000001 -0.000002 0.000001 -0.000001 -0.000001 0.000001 -0.000001 -0.000000 0.000001 -0.000001 -0.000001 0.000000 0.000000 -0.000001 0.000001 -0.000001 -0.000001 0.000001 -0.000001 -0.000001 0.000001 -0.000001 -0.000000 
-0.763382 0.000000 -0.109374 -8.874032 -45.049162 -42.895862 12.814153 10.184732 -112.421191 10.539861 17.107052 -12.514530 3.898680 -12.282722 -1.329749 -0.000000 -0.000003 -0.000001 -0.000000 -0.000003 -0.000001 -0.000002 -0.000001 0.000001 -0.000003 -0.000001 0.000000 -0.000001 -0.000001 -0.000001 -0.000002 -0.000001 0.000002 -0.000000 -0.000001 0.000001 -0.000002 -0.000001 0.000002 -0.000002 -0.000001 0.000003 0.000000 -0.000001 -0.000001 -0.000001 -0.000001 -0.000001 -0.000002 -0.000001 0.000002 -0.000002 -0.000001 0.000002 -0.000002 -0.000001 0.000001 
-0.763382 0.000000 -0.109374 -8.577817 -44.564303 -42.791108 12.313359 9.365445 -113.761916 11.273797 16.389158 -13.362643 3.814307 -12.600293 -1.385552 -0.000000 -0.000001 -0.000001 -0.000000 -0.000001 -0.000001 -0.000001 -0.000001 0.000001 -0.000001 -0.000003 0.000002 -0.000000 -0.000001 0.000001 -0.000001 -0.000001 0.000002 -0.000000 -0.000001 0.000001 0.000000 0.000001 0.000001 -0.000001 -0.000001 0.000002 0.000001 -0.000000 -0.000001 -0.000000 -0.000000 0.000000 -0.000001 -0.000001 0.000002 -0.000001 -0.000001 0.000002 -0.000001 -0.000001 0.000002 
-0.763382 0.000000 -0.109374 -8.764953 -44.365791 -43.145277 11.939607 8.774475 -115.368179 12.037291 15.545850 -14.173909 3.725592 -12.867424 -1.473154 0.000000 -0.000003 -0.000001 0.000000 -0.000003 -0.000001 -0.000001 0.000001 -0.000001 -0.000000 -0.000000 0.000000 0.000000 0.000001 -0.000001 -0.000001 0.000001 0.000000 -0.000000 -0.000000 0.000000 -0.000002 0.000001 0.000000 -0.000001 0.000001 0.000000 0.000000 -0.000000 -0.000001 -0.000001 0.000001 -0.000001 -0.000001 0.000001 -0.000000 -0.000001 0.000001 -0.000000 -0.000001 0.000001 0.000000 
-0.763382 0.000000 -0.109374 -9.354940 -44.663795 -44.137140 12.224063 8.397163 -116.445300 12.812454 14.792696 -14.737175 3.647719 -13.087450 -1.569189 -0.000000 -0.000001 -0.000001 -0.000000 -0.000001 -0.000001 -0.000001 0.000001 -0.000001 -0.000000 0.000001 0.000001 0.000001 0.000001 -0.000001 -0.000001 0.000001 -0.000000 -0.000000 0.000001 -0.000000 0.000000 0.000003 -0.000001 -0.000001 0.000001 0.000001 0.000000 0.000001 -0.000001 -0.000000 0.000001 -0.000002 -0.000001 0.000001 -0.000000 -0.000001 0.000001 -0.000000 -0.000001 0.000001 -0.000000 
-0.763382 0.000000 -0.109374 -10.433837 -45.448232 -45.164223 12.710302 8.196827 -117.421662 13.577236 14.087598 -15.066064 3.576749 -13.276666 -1.645504 -0.000000 0.000000 -0.000000 -0.000001 0.000000 -0.000001 0.000000 0.000000 -0.000001 -0.000001 0.000002 0.000000 0.000000 0.000000 -0.000002 0.000000 0.000000 -0.000001 0.000000 0.000000 -0.000001 0.000000 0.000000 -0.000001 0.000000 0.000000 0.000000 0.000000 0.000000 -0.000001 -0.000000 0.000001 -0.000001 0.000000 0.000000 -0.000001 0.000000 0.000000 -0.000001 0.000000 0.000000 -0.000001 
-0.763382 0.000000 -0.109374 -11.816459 -46.529120 -45.977685 13.072787 8.101497 -118.479166 14.303790 13.540110 -15.216106 3.503007 -13.497591 -1.671807 -0.000001 -0.000004 -0.000000 -0.000001 -0.000004 -0.000000 -0.000000 -0.000001 -0.000002 -0.000000 0.000001 0.000001 0.000001 -0.000001 -0.000000 -0.000000 -0.000001 -0.000001 -0.000000 -0.000001 -0.000002 -0.000000 0.000002 -0.000001 -0.000000 -0.000001 -0.000001 0.000000 -0.000001 -0.000001 0.000000 -0.000001 -0.000001 -0.000000 -0.000001 -0.000001 -0.000000 -0.000001 -0.000001 -0.000000 -0.000001 -0.000001 
-0.763382 0.000000 -0.109374 -13.011264 -47.538943 -46.637648 13.119047 7.998087 -119.547435 14.959559 13.409711 -15.289459 3.411157 -13.858961 -1.615864 -0.000000 -0.000000 0.000000 -0.000000 -0.000000 -0.000000 -0.000000 0.000001 -0.000001 0.000000 -0.000001 0.000001 0.000000 0.000001 -0.000002 -0.000000 0.000001 -0.000001 0.000000 0.000002 -0.000001 0.000000 0.000001 -0.000001 -0.000000 0.000001 -0.000001 0.000000 0.000001 -0.000001 0.000000 0.000001 -0.000002 -0.000000 0.000001 -0.000001 -0.000000 0.000001 -0.000001 -0.000000 0.000001 -0.000001 
-0.763382 0.000000 -0.109374 -14.340506 -48.414396 -47.877171 12.377585 8.255491 -119.241839 15.133459 13.154214 -15.107456 3.504868 -14.261764 -1.535840 -0.000000 0.000000 -0.000001 -0.000000 0.000000 -0.000001 -0.000000 0.000000 -0.000001 0.000000 -0.000002 0.000000 -0.000000 0.000000 -0.000001 -0.000000 0.000000 -0.000001 -0.000000 0.000002 -0.000000 0.000000 0.000002 -0.000001 -0.000000 0.000000 -0.000002 0.000000 0.000000 -0.000001 -0.000000 0.000000 -0.000001 -0.000000 0.000000 -0.000001 -0.000000 0.000000 -0.000001 -0.000000 0.000000 -0.000002 
-0.763382 0.000000 -0.109374 -15.155433 -48.914547 -48.793321 11.633625 8.650745 -118.958113 15.131927 12.680087 -14.918772 3.501852 -14.552881 -1.572194 0.000000 -0.000000 0.000001 0.000000 -0.000000 0.000001 0.000000 -0.000000 -0.000000 -0.000000 -0.000002 0.000000 0.000000 -0.000000 0.000000 0.000000 -0.000000 0.000001 -0.000000 -0.000002 0.000002 -0.000000 0.000002 -0.000000 0.000000 -0.000000 0.000000 0.000000 -0.000002 0.000000 0.000000 -0.000000 0.000000 0.000000 -0.000000 0.000001 0.000000 -0.000000 0.000001 0.000000 -0.000000 -0.000000 
-0.763382 0.000000 -0.109374 -15.241675 -49.221342 -49.000071 10.983390 8.945844 -118.922978 15.180164 12.050984 -14.776477 3.387369 -14.829802 -1.653823 0.000000 0.000001 -0.000001 0.000000 0.000001 -0.000001 -0.000000 0.000001 -0.000001 0.000000 -0.000001 0.000000 -0.000000 -0.000001 -0.000000 -0.000000 0.000001 -0.000001 -0.000000 0.000001 -0.000000 0.000000 0.000002 -0.000001 -0.000000 0.000001 -0.000001 0.000000 0.000001 -0.000001 -0.000000 0.000001 -0.000001 -0.000000 0.000001 -0.000001 -0.000000 0.000001 -0.000001 -0.000000 0.000001 -0.000001 
-0.763382 0.000000 -0.109374 -14.438158 -49.267015 -48.308384 10.528747 8.909033 -119.436649 15.462877 11.378963 -14.752809 3.211993 -15.106193 -1.714339 0.000001 0.000001 -0.000001 0.000000 0.000001 -0.000001 0.000000 -0.000001 -0.000001 0.000000 -0.000001 0.000001 -0.000000 0.000001 -0.000000 0.000000 -0.000001 -0.000000 -0.000000 -0.000001 -0.000000 0.000000 -0.000001 -0.000000 0.000000 -0.000001 0.000000 0.000000 -0.000001 0.000000 0.000000 0.000001 -0.000001 0.000000 -0.000001 -0.000000 0.000000 -0.000001 -0.000000 0.000000 -0.000001 -0.000001 
-0.763382 0.000000 -0.109374 -12.664337 -48.719473 -46.753102 10.362748 8.309353 -120.865948 16.124144 10.821920 -14.940334 3.091802 -15.312401 -1.691155 0.000001 0.000000 -0.000000 0.000000 0.000000 -0.000000 0.000000 0.000000 0.000000 0.000001 0.000000 0.000001 -0.000000 0.000000 0.000000 0.000000 0.000000 0.000000 0.000000 -0.000000 -0.000001 -0.000000 -0.000000 0.000000 0.000000 0.000000 0.000000 0.000000 -0.000000 0.000001 0.000001 -0.000000 -0.000000 0.000000 0.000000 0.000000 0.000000 0.000000 0.000000 0.000000 0.000000 0.000000 
-0.763382 0.000000 -0.109374 -10.564353 -47.722419 -44.143516 9.677005 7.651064 -121.769869 16.509518 10.942473 -15.091726 3.182976 -15.241350 -1.570211 -0.000001 -0.000001 0.000001 -0.000001 -0.000001 0.000001 -0.000000 0.000002 -0.000000 0.000000 0.000001 -0.000001 -0.000000 0.000002 -0.000001 -0.000000 0.000002 0.000000 -0.000001 0.000002 -0.000000 0.000000 0.000002 -0.000000 -0.000000 0.000002 0.000001 0.000001 0.000002 -0.000002 -0.000000 0.000002 -0.000002 -0.000000 0.000002 0.000000 -0.000000 0.000002 0.000000 -0.000000 0.000002 -0.000000 
-0.763382 0.000000 -0.109374 -9.607330 -46.886411 -43.241842 8.790773 7.403270 -120.631072 16.265146 11.845688 -15.002213 3.279370 -15.061404 -1.426722 -0.000000 0.000006 -0.000001 -0.000000 0.000006 -0.000001 0.000000 -0.000000 0.000000 -0.000000 -0.000002 -0.000000 -0.000000 -0.000000 -0.000001 0.000000 -0.000000 0.000001 0.000000 -0.000000 0.000000 -0.000000 -0.000000 0.000000 0.000000 -0.000000 0.000001 -0.000001 -0.000002 0.000000 -0.000000 -0.000000 -0.000000 0.000000 -0.000000 0.000001 0.000000 -0.000000 0.000001 0.000000 -0.000000 0.000000 
-0.763382 0.000000 -0.109374 -9.636150 -46.306422 -43.161786 8.141958 7.600555 -118.474576 15.609106 13.510848 -14.741761 3.389116 -14.589636 -1.227335 0.000000 0.000005 -0.000001 0.000000 0.000005 -0.000002 -0.000000 0.000000 -0.000002 -0.000000 0.000001 0.000001 -0.000000 0.000000 -0.000000 -0.000000 0.000000 -0.000001 0.000000 0.000001 -0.000001 -0.000000 0.000000 -0.000001 -0.000000 0.000000 -0.000001 -0.000001 0.000000 -0.000001 -0.000000 0.000000 -0.000002 -0.000000 0.000000 -0.000001 -0.000000 0.000000 -0.000001 -0.000000 0.000000 -0.000001 
-0.763382 0.000000 -0.109374 -10.258954 -46.164046 -43.246306 7.941420 8.240611 -116.281143 14.885042 15.760474 -14.465705 3.452652 -13.911567 -1.070066 -0.000000 -0.000002 0.000001 0.000000 -0.000002 0.000001 0.000001 -0.000001 0.000000 0.000001 0.000001 0.000001 0.000000 -0.000001 0.000001 0.000001 -0.000001 0.000000 0.000001 -0.000001 -0.000000 -0.000000 0.000002 -0.000001 0.000001 -0.000001 0.000000 0.000001 0.000001 -0.000001 -0.000000 -0.000001 -0.000000 0.000001 -0.000001 0.000000 0.000001 -0.000001 0.000000 0.000001 -0.000001 -0.000000 
-0.763382 0.000000 -0.109374 -10.823896 -46.765373 -43.051359 8.216689 9.254204 -115.001138 14.589907 18.268234 -14.455691 3.349174 -13.381614 -1.179952 0.000001 -0.000001 0.000001 0.000000 -0.000001 0.000001 0.000001 -0.000000 0.000003 0.000000 -0.000000 0.000003 -0.000000 -0.000000 0.000003 0.000001 -0.000000 0.000004 0.000001 0.000002 0.000001 0.000000 0.000002 0.000001 0.000001 -0.000000 0.000004 0.000001 -0.000000 0.000001 -0.000000 -0.000000 0.000002 0.000001 -0.000000 0.000004 0.000001 -0.000000 0.000004 0.000001 -0.000000 0.000002 
-0.763382 0.000000 -0.109374 -10.988508 -46.998467 -43.626659 9.168771 9.801552 -114.351983 14.362453 20.051043 -14.351974 3.440564 -13.283253 -1.384586 -0.000000 -0.000001 -0.000000 -0.000000 -0.000001 -0.000000 -0.000001 -0.000001 0.000002 -0.000000 -0.000003 0.000001 0.000001 -0.000003 0.000001 -0.000001 -0.000001 0.000003 0.000000 0.000001 0.000003 -0.000000 0.000001 0.000000 -0.000001 -0.000001 0.000003 0.000001 -0.000001 0.000001 -0.000000 -0.000003 0.000002 -0.000001 -0.000001 0.000003 -0.000001 -0.000001 0.000003 -0.000001 -0.000001 0.000001 
-0.763382 0.000000 -0.109374 -11.662609 -47.412482 -44.916970 10.097507 9.885652 -115.249894 14.874065 21.152606 -14.424053 3.554877 -13.367676 -1.561932 -0.000000 -0.000001 -0.000002 -0.000000 -0.000001 -0.000002 -0.000001 -0.000001 -0.000000 -0.000000 -0.000001 0.000002 -0.000000 -0.000001 0.000002 -0.000001 -0.000001 -0.000001 -0.000001 0.000002 -0.000002 -0.000000 0.000002 -0.000001 -0.000001 -0.000001 -0.000001 -0.000000 0.000002 -0.000000 -0.000001 -0.000001 -0.000001 -0.000001 -0.000001 -0.000001 -0.000001 -0.000001 -0.000001 -0.000001 -0.000001 -0.000001 
-0.763382 0.000000 -0.109374 -12.409279 -47.618627 -46.293895 10.469790 9.852367 -115.819490 15.311971 21.861330 -14.471631 3.643690 -13.544292 -1.775693 0.000000 -0.000001 0.000000 0.000000 -0.000001 0.000000 -0.000000 -0.000000 -0.000000 -0.000000 0.000001 0.000001 -0.000000 0.000001 0.000001 -0.000000 -0.000000 0.000000 -0.000000 0.000001 0.000001 -0.000000 -0.000000 0.000000 -0.000000 -0.000000 -0.000000 0.000001 -0.000000 -0.000000 -0.000000 0.000001 -0.000000 -0.000000 -0.000000 0.000000 -0.000000 -0.000000 0.000000 -0.000000 -0.000000 0.000000 
-0.763382 0.000000 -0.109374 -13.140694 -47.575734 -47.478588 10.201596 9.950654 -115.474812 15.420192 22.329765 -14.429314 3.689269 -13.713944 -2.014757 0.000001 0.000003 0.000000 0.000001 0.000002 -0.000001 -0.000000 0.000001 -0.000000 -0.000001 0.000001 0.000000 -0.000001 0.000001 0.000000 -0.000000 0.000001 0.000000 -0.000001 0.000001 0.000000 -0.000001 0.000001 0.000000 -0.000000 0.000001 0.000000 0.000000 -0.000000 -0.000000 -0.000000 0.000001 -0.000000 -0.000000 0.000001 0.000000 -0.000000 0.000001 0.000000 -0.000000 0.000001 -0.000001 
-0.763382 0.000000 -0.109374 -14.169154 -47.570686 -48.588829 9.654589 10.282304 -114.908698 15.515985 22.571644 -14.395325 3.705312 -13.768990 -2.192706 -0.000000 0.000001 0.000000 -0.000001 0.000001 0.000000 -0.000000 -0.000000 0.000001 0.000000 -0.000002 0.000002 0.000000 -0.000002 0.000002 -0.000000 -0.000000 0.000000 -0.000001 -0.000000 0.000000 -0.000000 -0.000002 0.000001 -0.000000 -0.000000 -0.000000 -0.000000 -0.000002 0.000002 0.000001 -0.000002 0.000001 -0.000000 -0.000000 0.000000 -0.000000 -0.000000 0.000000 -0.000000 -0.000000 0.000000 
-0.763382 0.000000 -0.109374 -14.413929 -47.292162 -49.221666 8.712550 10.945999 -112.983507 14.753344 22.777737 -14.066334 3.713619 -13.766859 -2.275378 0.000000 -0.000000 0.000000 0.000001 -0.000002 0.000001 -0.000001 0.000000 0.000001 -0.000000 0.000002 0.000000 -0.000000 0.000002 0.000002 -0.000001 0.000000 0.000002 -0.000000 0.000002 0.000001 -0.000001 0.000000 0.000002 -0.000001 0.000000 0.000002 0.000000 0.000000 0.000000 -0.000000 0.000002 0.000001 -0.000001 0.000000 0.000002 -0.000001 0.000000 0.000002 -0.000001 0.000000 0.000002 
-0.763382 0.000000 -0.109374 -14.457347 -47.155862 -49.359404 7.942928 11.390315 -112.069013 14.359942 22.598695 -13.988574 3.713676 -13.724337 -2.300372 0.000000 -0.000004 0.000000 0.000000 -0.000004 0.000000 -0.000001 -0.000004 0.000002 -0.000000 -0.000002 0.000002 -0.000000 -0.000004 0.000003 -0.000001 -0.000004 0.000002 -0.000000 -0.000002 0.000001 -0.000001 -0.000004 0.000002 -0.000001 -0.000004 0.000003 -0.000001 -0.000002 0.000001 -0.000001 -0.000004 0.000001 -0.000001 -0.000004 0.000002 -0.000001 -0.000004 0.000002 -0.000001 -0.000004 0.000003 
-0.763382 0.000000 -0.109374 -14.473514 -47.157689 -49.420848 7.608956 11.690734 -111.657262 14.083123 22.299965 -14.039683 3.710820 -13.677000 -2.311764 0.000001 -0.000001 -0.000000 0.000001 -0.000001 -0.000000 -0.000001 -0.000001 0.000004 -0.000000 -0.000001 0.000004 0.000001 -0.000001 0.000004 -0.000001 -0.000001 0.000004 -0.000001 0.000000 0.000003 -0.000001 0.000001 0.000001 -0.000001 -0.000001 0.000004 -0.000001 -0.000001 0.000002 -0.000000 -0.000001 0.000003 -0.000001 -0.000001 0.000004 -0.000001 -0.000001 0.000004 -0.000001 -0.000001 0.000003 
-0.763382 0.000000 -0.109374 -14.496615 -47.279259 -49.473847 7.873451 11.882767 -111.603577 13.850537 22.042404 -14.162795 3.662227 -13.650781 -2.324963 0.000000 -0.000003 0.000000 0.000000 -0.000004 0.000001 -0.000001 -0.000001 0.000003 -0.000000 -0.000001 0.000002 0.000000 -0.000001 0.000003 -0.000001 -0.000001 0.000003 0.000000 -0.000001 0.000001 0.000000 0.000001 0.000000 -0.000001 -0.000001 0.000003 0.000000 -0.000001 0.000001 -0.000001 -0.000001 0.000002 -0.000001 -0.000001 0.000003 -0.000001 -0.000001 0.000003 -0.000001 -0.000001 0.000002 
-0.763382 0.000000 -0.109374 -14.422860 -47.488963 -49.236990 8.807606 11.962964 -112.126837 13.772236 21.884194 -14.369060 3.476881 -13.661988 -2.326730 -0.000000 -0.000001 -0.000001 -0.000000 -0.000001 -0.000001 -0.000000 0.000001 0.000002 0.000000 -0.000001 0.000003 -0.000000 -0.000001 0.000003 -0.000000 0.000001 0.000001 -0.000001 0.000001 -0.000001 -0.000000 0.000003 -0.000000 -0.000000 0.000001 0.000002 -0.000001 -0.000002 -0.000002 -0.000000 -0.000001 0.000002 -0.000000 0.000001 0.000001 -0.000000 0.000001 0.000001 -0.000000 0.000001 0.000001 
-0.763382 0.000000 -0.109374 -14.305197 -47.467393 -48.748870 9.629523 11.934879 -113.325051 13.618014 21.778331 -14.512243 3.208982 -13.540697 -2.242272 -0.000000 -0.000002 -0.000002 -0.000000 -0.000002 -0.000002 -0.000000 -0.000000 0.000001 -0.000000 -0.000000 0.000002 0.000001 -0.000000 0.000002 -0.000000 -0.000000 0.000000 0.000000 0.000001 0.000001 -0.000000 -0.000000 0.000001 -0.000000 -0.000000 0.000001 0.000001 -0.000001 -0.000000 0.000001 -0.000000 -0.000000 -0.000000 -0.000000 0.000000 -0.000000 -0.000000 0.000000 -0.000000 -0.000000 0.000000 
-0.763382 0.000000 -0.109374 -14.145399 -47.452726 -48.040358 10.665092 11.888644 -114.589981 13.317589 21.709186 -14.471815 2.954407 -13.210509 -2.212634 -0.000000 -0.000004 -0.000000 -0.000000 -0.000004 -0.000000 -0.000000 -0.000001 0.000001 0.000001 -0.000001 0.000001 0.000001 0.000001 -0.000000 -0.000000 -0.000001 0.000001 -0.000000 0.000001 0.000001 -0.000000 0.000001 0.000001 -0.000000 -0.000001 0.000001 -0.000000 -0.000002 0.000001 -0.000000 -0.000001 0.000001 -0.000000 -0.000001 0.000001 -0.000000 -0.000001 0.000001 -0.000000 -0.000001 0.000000 
-0.763382 0.000000 -0.109374 -14.056094 -47.546354 -47.276179 11.669562 11.838687 -115.943773 13.169925 21.536664 -14.372057 2.783274 -12.798015 -2.188030 -0.000000 -0.000000 -0.000000 -0.000000 -0.000000 -0.000000 -0.000000 -0.000002 -0.000000 0.000001 -0.000002 0.000000 -0.000000 -0.000002 0.000001 -0.000000 -0.000002 -0.000000 -0.000000 -0.000000 0.000000 -0.000000 -0.000000 0.000000 -0.000000 -0.000002 -0.000000 -0.000000 -0.000004 -0.000001 -0.000000 -0.000002 -0.000001 -0.000000 -0.000002 -0.000000 -0.000000 -0.000002 -0.000000 -0.000000 -0.000002 -0.000001 
-0.763382 0.000000 -0.109374 -13.933868 -47.662908 -46.680808 12.641014 11.739437 -117.166841 13.242461 21.273398 -14.267567 2.751859 -12.440579 -2.135887 0.000000 -0.000002 -0.000000 0.000000 -0.000002 -0.000000 0.000000 -0.000001 -0.000000 0.000000 -0.000001 0.000001 0.000001 -0.000001 -0.000000 0.000000 -0.000001 -0.000000 -0.000000 0.000002 -0.000000 0.000001 0.000002 -0.000001 0.000000 -0.000001 -0.000000 0.000001 -0.000003 -0.000001 0.000000 -0.000001 -0.000001 0.000000 -0.000001 -0.000000 0.000000 -0.000001 -0.000000 0.000000 -0.000001 -0.000001 
-0.763382 0.000000 -0.109374 -13.467959 -47.527342 -46.545383 13.817881 11.483435 -117.793934 13.371052 21.083387 -14.143936 2.903231 -12.285914 -2.039357 -0.000000 0.000002 -0.000000 -0.000000 0.000002 -0.000000 -0.000000 0.000000 0.000001 0.000000 0.000000 0.000001 -0.000000 0.000001 -0.000001 -0.000000 0.000000 0.000001 0.000001 0.000002 0.000001 0.000001 0.000000 0.000000 -0.000000 0.000000 0.000001 0.000000 -0.000001 0.000001 -0.000000 0.000000 0.000001 -0.000000 0.000000 0.000001 -0.000000 0.000000 0.000001 -0.000000 0.000000 0.000000 
-0.763382 0.000000 -0.109374 -12.842265 -47.353708 -46.265519 14.539000 10.808068 -117.822430 13.566281 20.940745 -14.093898 3.176803 -12.439720 -2.021728 0.000001 -0.000000 0.000001 0.000001 -0.000000 0.000001 0.000001 0.000004 0.000000 0.000001 0.000001 -0.000001 0.000001 0.000004 -0.000001 0.000001 0.000004 -0.000000 0.000001 0.000002 0.000001 0.000000 0.000004 -0.000000 0.000001 0.000004 -0.000001 0.000000 0.000002 -0.000001 0.000000 0.000004 -0.000001 0.000001 0.000004 -0.000000 0.000001 0.000004 -0.000000 0.000001 0.000004 -0.000000 
-0.763382 0.000000 -0.109374 -12.372025 -46.901881 -46.613715 14.082576 10.222413 -115.636960 13.277507 21.166852 -13.758473 3.527040 -12.885347 -2.077830 0.000001 -0.000000 -0.000001 0.000001 -0.000000 -0.000001 0.000000 0.000001 0.000001 0.000001 -0.000001 0.000002 -0.000001 0.000001 0.000000 0.000000 0.000001 0.000000 -0.000000 0.000001 0.000001 -0.000001 0.000001 0.000001 0.000000 0.000001 0.000000 -0.000000 -0.000003 0.000000 -0.000000 0.000001 -0.000000 0.000000 0.000001 0.000000 0.000000 0.000001 0.000000 0.000000 0.000001 0.000000 
-0.763382 0.000000 -0.109374 -11.908324 -46.462328 -47.373670 13.694992 9.703893 -113.290640 13.079670 21.366198 -13.361371 3.954093 -13.417054 -2.099603 0.000000 0.000002 0.000000 -0.000000 0.000002 0.000000 0.000000 -0.000001 0.000002 0.000001 -0.000001 0.000003 -0.000000 0.000000 0.000002 0.000000 -0.000001 0.000002 -0.000000 0.000001 0.000001 0.000000 0.000000 0.000001 0.000000 -0.000001 0.000002 -0.000000 -0.000001 0.000002 -0.000000 0.000000 0.000001 0.000000 -0.000001 0.000002 0.000000 -0.000001 0.000002 0.000000 -0.000001 0.000002 
-0.763382 0.000000 -0.109374 -11.441214 -46.279931 -48.114574 13.989782 9.203220 -112.144405 13.145835 21.370467 -13.060230 4.370475 -13.880866 -2.076252 0.000001 0.000000 -0.000002 0.000001 0.000000 -0.000002 -0.000000 0.000001 -0.000000 -0.000001 -0.000001 0.000001 -0.000001 0.000001 0.000001 -0.000000 0.000001 0.000001 -0.000001 0.000002 -0.000000 0.000000 0.000001 0.000001 -0.000000 0.000001 0.000000 0.000000 0.000000 -0.000000 -0.000001 0.000001 0.000000 -0.000000 0.000001 0.000001 -0.000000 0.000001 0.000001 -0.000000 0.000001 -0.000000 
-0.763382 0.000000 -0.109374 -11.099874 -46.549648 -48.190810 14.973796 8.554534 -112.886976 13.240717 21.231990 -12.939582 4.598530 -14.176158 -2.095955 -0.000000 -0.000000 -0.000001 -0.000000 -0.000000 -0.000001 -0.000000 -0.000001 -0.000000 -0.000000 0.000000 0.000001 -0.000000 0.000000 0.000000 -0.000000 -0.000001 0.000001 -0.000000 -0.000001 0.000001 -0.000001 -0.000001 0.000001 -0.000000 -0.000001 0.000000 0.000000 0.000000 0.000000 -0.000000 0.000000 0.000000 -0.000000 -0.000001 0.000001 -0.000000 -0.000001 0.000001 -0.000000 -0.000001 0.000001 
-0.763382 0.000000 -0.109374 -9.674539 -46.385491 -47.137830 16.174603 8.101109 -112.651867 12.811499 21.606702 -12.793374 4.589466 -14.305300 -2.213460 -0.000000 -0.000001 0.000000 -0.000000 -0.000001 0.000000 -0.000000 -0.000000 0.000001 -0.000000 -0.000001 0.000002 -0.000000 -0.000001 -0.000000 -0.000000 -0.000000 0.000000 -0.000000 -0.000000 0.000001 -0.000001 0.000001 0.000001 -0.000000 -0.000000 0.000000 -0.000000 -0.000001 -0.000000 -0.000000 -0.000000 -0.000000 -0.000000 -0.000000 0.000000 -0.000000 -0.000000 0.000000 -0.000000 -0.000000 0.000000 
-0.763382 0.000000 -0.109374 -9.125625 -46.600697 -46.313658 16.956682 7.929116 -113.531275 12.725707 21.902045 -12.860341 4.446940 -14.303074 -2.251592 -0.000000 -0.000001 0.000000 -0.000000 -0.000001 0.000000 0.000000 0.000001 0.000000 -0.000000 0.000000 0.000000 -0.000001 0.000000 -0.000000 0.000000 0.000001 -0.000000 0.000000 0.000001 0.000000 0.000001 0.000001 0.000000 0.000000 0.000001 -0.000000 0.000000 0.000000 -0.000001 -0.000000 0.000001 -0.000000 0.000000 0.000001 -0.000000 0.000000 0.000001 -0.000000 0.000000 0.000001 -0.000000 
-0.763382 0.000000 -0.109374 -8.678622 -46.624268 -45.639570 17.259425 7.910485 -114.510280 12.618447 22.147600 -13.020193 4.257226 -14.282056 -2.244980 -0.000000 -0.000000 -0.000001 -0.000000 -0.000000 -0.000001 0.000000 0.000000 -0.000000 -0.000001 -0.000001 0.000003 -0.000001 0.000000 -0.000001 0.000000 0.000000 -0.000000 0.000000 0.000000 0.000000 -0.000001 -0.000000 -0.000001 0.000000 0.000000 0.000000 -0.000001 -0.000000 0.000000 0.000000 0.000000 -0.000001 0.000000 0.000000 -0.000000 0.000000 0.000000 -0.000000 0.000000 0.000000 -0.000000 
-0.763382 0.000000 -0.109374 -8.330016 -46.438620 -45.189761 17.091864 7.962348 -115.143739 12.410961 22.302834 -13.208853 4.079652 -14.275257 -2.217117 0.000000 0.000001 0.000000 0.000001 0.000001 0.000000 -0.000000 0.000000 -0.000001 -0.000001 0.000000 0.000001 -0.000000 -0.000000 -0.000001 -0.000000 0.000000 -0.000000 0.000001 0.000001 -0.000001 -0.000000 0.000000 -0.000000 -0.000000 0.000000 -0.000001 -0.000000 0.000000 0.000000 -0.000000 0.000000 -0.000001 -0.000000 0.000000 -0.000000 -0.000000 0.000000 -0.000000 -0.000000 0.000000 -0.000001 
-0.763382 0.000000 -0.109374 -8.812204 -46.594833 -45.158400 16.527644 8.019616 -115.559260 12.312593 22.256448 -13.422742 3.946853 -14.235973 -2.179915 0.000001 0.000000 0.000001 0.000001 0.000000 0.000000 -0.000000 0.000001 0.000000 -0.000000 0.000001 0.000000 0.000001 0.000001 -0.000000 -0.000000 0.000001 0.000000 0.000001 0.000000 0.000000 -0.000001 0.000001 0.000000 -0.000000 0.000001 -0.000000 -0.000000 0.000000 -0.000000 -0.000000 0.000001 -0.000001 -0.000000 0.000001 0.000000 -0.000000 0.000001 0.000000 -0.000000 0.000001 -0.000000 
-0.763382 0.000000 -0.109374 -9.301904 -46.694797 -45.880355 16.479425 8.083380 -116.188047 12.419208 22.192424 -13.596163 3.878815 -14.183627 -2.105005 -0.000000 -0.000002 0.000001 0.000000 -0.000002 0.000000 0.000001 0.000002 -0.000001 0.000001 0.000002 -0.000001 0.000000 0.000002 -0.000002 0.000001 0.000002 -0.000001 -0.000000 0.000001 -0.000001 -0.000001 0.000002 -0.000001 0.000001 0.000002 -0.000001 0.000001 0.000001 -0.000001 0.000001 0.000002 -0.000002 0.000001 0.000002 -0.000001 0.000001 0.000002 -0.000001 0.000001 0.000002 -0.000001 
-0.763382 0.000000 -0.109374 -9.155439 -46.579459 -46.308778 16.562901 8.318220 -116.068178 12.191596 22.113233 -13.502459 3.815611 -14.069413 -1.968180 -0.000000 0.000001 0.000000 -0.000000 0.000001 -0.000000 0.000001 0.000000 0.000000 0.000001 -0.000000 -0.000000 0.000001 0.000000 0.000000 0.000001 0.000000 0.000000 0.000001 0.000000 -0.000000 -0.000000 0.000001 0.000001 0.000001 0.000000 0.000000 0.000001 0.000000 0.000001 0.000001 0.000000 -0.000000 0.000001 0.000000 0.000000 0.000001 0.000000 0.000000 0.000001 0.000000 0.000000 
-0.763382 0.000000 -0.109374 -8.447622 -46.273217 -46.353816 16.739737 8.714988 -115.626442 11.612908 22.054370 -13.242484 3.794773 -13.940953 -1.798913 -0.000000 0.000001 0.000000 -0.000000 0.000001 0.000000 -0.000001 0.000001 0.000001 -0.000001 0.000001 -0.000000 -0.000001 0.000001 -0.000000 -0.000001 0.000001 0.000001 0.000001 -0.000000 0.000000 -0.000000 0.000001 0.000001 -0.000001 0.000001 0.000001 -0.000000 0.000001 0.000001 -0.000000 0.000001 0.000000 -0.000001 0.000001 0.000001 -0.000001 0.000001 0.000001 -0.000001 0.000001 0.000001 
-0.763382 0.000000 -0.109374 -7.411934 -45.878480 -45.905794 16.949446 9.272889 -114.907660 10.730383 22.078219 -12.884017 3.802813 -13.783979 -1.673059 -0.000000 0.000001 -0.000000 -0.000000 0.000002 -0.000001 0.000000 0.000000 -0.000000 -0.000001 0.000001 0.000000 0.000001 0.000000 0.000000 0.000000 0.000000 -0.000000 0.000001 0.000000 -0.000001 0.000001 0.000000 -0.000000 0.000000 0.000000 0.000000 -0.000001 -0.000001 0.000000 0.000001 0.000000 -0.000001 0.000000 0.000000 -0.000000 0.000000 0.000000 -0.000000 0.000000 0.000000 -0.000001 
-0.763382 0.000000 -0.109374 -6.426431 -45.578378 -44.818096 17.103040 9.999166 -113.572269 9.653702 22.276136 -12.459040 3.775510 -13.522678 -1.712411 -0.000000 0.000002 0.000000 -0.000000 0.000001 -0.000000 -0.000000 0.000001 -0.000000 -0.000000 0.000001 -0.000001 0.000001 0.000001 -0.000001 -0.000000 0.000001 0.000000 -0.000000 0.000000 -0.000000 0.000002 -0.000000 0.000000 -0.000000 0.000001 0.000000 -0.000000 0.000001 0.000001 0.000000 0.000001 -0.000001 -0.000000 0.000001 -0.000000 -0.000000 0.000001 -0.000000 -0.000000 0.000001 -0.000001 
-0.763382 0.000000 -0.109374 -7.028952 -46.746020 -44.183275 17.791294 10.088106 -114.672101 9.852078 22.405054 -12.605527 3.879763 -13.217564 -1.730513 0.000000 0.000001 0.000001 0.000001 0.000001 -0.000000 0.000000 -0.000000 0.000001 -0.000002 0.000000 -0.000000 0.000002 0.000000 -0.000000 0.000000 -0.000000 0.000001 -0.000001 -0.000001 -0.000001 0.000000 0.000000 -0.000001 0.000000 -0.000000 0.000001 0.000000 0.000000 -0.000000 0.000001 0.000000 -0.000000 0.000000 -0.000000 0.000001 0.000000 -0.000000 0.000001 0.000000 -0.000000 0.000000 
-0.763382 0.000000 -0.109374 -7.662810 -47.598499 -44.057783 18.432396 10.113118 -114.663932 9.809492 22.808228 -12.543074 3.918797 -13.115464 -1.850961 -0.000000 0.000001 -0.000000 -0.000000 0.000001 -0.000000 -0.000000 0.000001 0.000001 -0.000000 0.000000 -0.000001 0.000001 0.000000 0.000000 -0.000000 0.000001 0.000001 -0.000000 0.000001 0.000001 -0.000000 0.000000 0.000000 -0.000000 0.000001 0.000001 -0.000000 0.000001 0.000001 -0.000000 0.000000 0.000000 -0.000000 0.000001 0.000001 -0.000000 0.000001 0.000001 -0.000000 0.000001 0.000001 
-0.763382 0.000000 -0.109374 -8.179149 -48.088801 -44.509478 18.829978 10.160574 -113.603675 9.686097 23.224836 -12.272148 4.012244 -13.167824 -1.942944 0.000000 -0.000001 0.000001 0.000001 -0.000001 0.000001 0.000001 0.000001 0.000001 -0.000000 0.000001 0.000001 -0.000001 0.000000 0.000001 0.000001 0.000001 0.000001 -0.000000 0.000001 0.000001 0.000001 0.000001 0.000001 0.000001 0.000001 0.000001 0.000003 0.000000 0.000001 0.000001 0.000001 0.000002 0.000001 0.000001 0.000001 0.000001 0.000001 0.000001 0.000001 0.000001 0.000000 
-0.763382 0.000000 -0.109374 -8.745940 -48.286804 -45.410031 18.743607 10.334031 -111.952558 9.596075 23.496435 -11.950487 4.151577 -13.292165 -1.953953 0.000000 0.000000 0.000001 0.000000 0.000000 0.000001 -0.000002 0.000001 -0.000001 -0.000000 0.000000 0.000001 -0.000002 0.000000 -0.000001 -0.000002 0.000001 -0.000001 -0.000000 0.000002 -0.000001 -0.000000 0.000001 0.000000 -0.000002 0.000001 -0.000001 -0.000000 0.000001 -0.000000 -0.000002 0.000001 -0.000001 -0.000002 0.000001 -0.000001 -0.000002 0.000001 -0.000001 -0.000002 0.000001 -0.000001 
-0.763382 0.000000 -0.109374 -9.860438 -48.374504 -46.448155 17.885477 10.747816 -110.571877 9.609607 23.568317 -11.893069 4.200317 -13.371958 -1.910120 -0.000000 0.000001 0.000001 -0.000000 0.000001 0.000001 -0.000002 0.000000 -0.000002 -0.000000 0.000000 -0.000000 -0.000000 0.000000 -0.000001 -0.000002 0.000000 -0.000001 -0.000002 0.000001 -0.000001 -0.000004 0.000000 -0.000001 -0.000002 0.000000 -0.000001 0.000001 0.000000 -0.000002 -0.000002 0.000000 -0.000001 -0.000002 0.000000 -0.000001 -0.000002 0.000000 -0.000001 -0.000002 0.000000 -0.000002 
-0.763382 0.000000 -0.109374 -10.095660 -47.253953 -46.935018 16.243621 11.063715 -109.620786 9.650268 23.585265 -12.468563 4.042986 -13.525656 -1.836339 -0.000000 0.000000 0.000000 -0.000000 0.000000 0.000000 0.000000 0.000000 0.000001 0.000000 -0.000000 0.000002 0.000000 -0.000000 0.000001 0.000000 0.000000 0.000002 -0.000003 0.000001 0.000001 -0.000003 0.000001 0.000002 0.000000 0.000000 0.000002 -0.000002 0.000000 -0.000001 0.000000 0.000000 0.000002 0.000000 0.000000 0.000002 0.000000 0.000000 0.000002 0.000000 0.000000 0.000001 
-0.763382 0.000000 -0.109374 -10.076231 -46.461358 -47.054628 14.670512 11.030795 -108.565147 10.245570 23.338565 -13.215129 3.833886 -13.628060 -1.795705 -0.000000 0.000001 -0.000001 -0.000000 0.000001 -0.000001 -0.000001 -0.000000 0.000001 -0.000001 0.000000 0.000002 -0.000001 0.000000 -0.000000 -0.000001 -0.000000 0.000001 0.000000 0.000000 0.000000 -0.000001 -0.000000 0.000001 -0.000001 -0.000000 0.000001 -0.000000 -0.000000 0.000001 0.000000 -0.000000 0.000001 -0.000001 -0.000000 0.000001 -0.000001 -0.000000 0.000001 -0.000001 -0.000000 0.000000 
-0.763382 0.000000 -0.109374 -9.653970 -46.004435 -46.728265 13.492019 10.724529 -107.102619 10.692451 23.110995 -13.779728 3.698191 -13.774917 -1.881070 -0.000000 0.000001 0.000001 -0.000000 0.000001 0.000001 -0.000001 -0.000001 -0.000000 -0.000001 -0.000001 0.000001 0.000001 -0.000001 -0.000001 -0.000001 -0.000001 -0.000000 -0.000000 -0.000000 -0.000002 -0.000001 0.000000 -0.000001 -0.000001 -0.000001 -0.000001 -0.000001 0.000000 -0.000002 -0.000001 0.000000 -0.000001 -0.000001 -0.000001 -0.000000 -0.000001 -0.000001 -0.000000 -0.000001 -0.000001 -0.000001 
-0.763382 0.000000 -0.109374 -9.101573 -45.942660 -46.230081 12.939963 10.239293 -105.894768 10.864915 22.998857 -14.121696 3.701512 -13.963815 -2.068260 -0.000000 -0.000000 -0.000001 -0.000000 -0.000000 -0.000001 0.000001 -0.000000 -0.000000 0.000000 -0.000001 -0.000001 0.000000 -0.000002 -0.000002 0.000001 -0.000000 0.000000 -0.000000 0.000000 -0.000001 -0.000000 -0.000001 0.000000 0.000001 -0.000000 0.000000 0.000000 0.000000 -0.000002 0.000001 -0.000000 -0.000000 0.000001 -0.000000 0.000000 0.000001 -0.000000 0.000000 0.000001 -0.000000 -0.000001 
-0.763382 0.000000 -0.109374 -9.113525 -46.399066 -46.187607 13.128943 9.697321 -106.563068 11.201384 22.893261 -14.499809 3.851095 -14.094827 -2.215625 -0.000000 0.000001 -0.000000 -0.000000 0.000001 -0.000000 -0.000001 0.000000 0.000001 -0.000000 0.000001 0.000002 -0.000000 0.000001 -0.000000 -0.000001 0.000000 0.000000 0.000000 0.000000 -0.000001 -0.000000 0.000001 -0.000001 -0.000001 0.000000 0.000000 -0.000000 0.000001 0.000000 -0.000000 0.000003 -0.000001 -0.000001 0.000000 0.000000 -0.000001 0.000000 0.000000 -0.000001 0.000000 0.000000 
-0.763382 0.000000 -0.109374 -9.290810 -47.095315 -46.111567 13.899241 8.907844 -107.650181 11.673907 22.635751 -14.805468 3.976587 -14.287711 -2.294880 0.000000 0.000001 0.000001 0.000000 0.000001 0.000001 -0.000000 -0.000000 0.000002 0.000002 -0.000001 0.000003 -0.000000 0.000000 0.000001 -0.000000 -0.000000 0.000001 -0.000000 -0.000001 0.000001 -0.000001 0.000000 0.000002 -0.000000 -0.000000 0.000001 -0.000001 -0.000001 -0.000001 -0.000000 -0.000000 0.000001 -0.000000 -0.000000 0.000001 -0.000000 -0.000000 0.000001 -0.000000 -0.000000 0.000001 
-0.763382 0.000000 -0.109374 -9.537751 -47.946401 -46.006392 14.913318 8.162282 -108.895748 12.417685 22.187678 -15.115547 4.060719 -14.563621 -2.358239 -0.000000 0.000003 -0.000000 -0.000000 0.000003 -0.000000 0.000001 -0.000001 0.000001 0.000001 -0.000002 0.000003 -0.000000 -0.000002 0.000001 0.000001 -0.000001 0.000001 0.000001 -0.000000 0.000001 0.000000 -0.000001 0.000001 0.000001 -0.000001 0.000001 -0.000000 -0.000001 0.000001 -0.000000 -0.000001 0.000001 0.000001 -0.000001 0.000001 0.000001 -0.000001 0.000001 0.000001 -0.000001 0.000001 
-0.763382 0.000000 -0.109374 -9.620216 -48.687709 -45.786658 15.910174 7.575067 -110.353877 13.308225 21.647525 -15.348311 4.134573 -14.875705 -2.341586 -0.000000 -0.000000 -0.000000 -0.000000 -0.000000 -0.000000 0.000000 0.000001 -0.000001 0.000000 0.000000 0.000000 -0.000001 0.000001 -0.000001 0.000000 0.000001 -0.000001 0.000000 0.000001 -0.000001 -0.000001 0.000001 -0.000002 0.000000 0.000001 -0.000000 0.000000 0.000001 -0.000002 0.000000 0.000001 -0.000002 0.000000 0.000001 -0.000001 0.000000 0.000001 -0.000001 0.000000 0.000001 -0.000001 
-0.763382 0.000000 -0.109374 -9.455769 -49.231324 -45.219138 16.667116 7.204145 -112.261440 14.243087 21.056186 -15.537364 4.194636 -15.183155 -2.215467 0.000000 -0.000001 -0.000000 0.000000 -0.000001 -0.000000 0.000000 0.000000 -0.000001 -0.000000 -0.000001 0.000001 0.000000 -0.000001 -0.000000 0.000000 0.000000 0.000000 0.000001 0.000001 -0.000000 0.000001 0.000001 0.000000 0.000000 0.000000 0.000000 0.000000 0.000000 -0.000000 -0.000000 0.000000 -0.000000 0.000000 0.000000 0.000000 0.000000 0.000000 0.000000 0.000000 0.000000 -0.000000 
-0.763382 0.000000 -0.109374 -9.117447 -49.664279 -43.930131 16.995698 7.051577 -115.030358 15.137434 20.392436 -15.828487 4.201996 -15.451402 -1.985638 -0.000000 -0.000001 0.000001 -0.000001 -0.000001 0.000001 0.000000 -0.000001 -0.000000 -0.000000 -0.000001 0.000002 -0.000001 -0.000001 0.000001 0.000000 -0.000001 0.000000 0.000001 0.000000 0.000001 -0.000000 0.000000 -0.000000 0.000000 -0.000001 0.000000 -0.000000 -0.000001 -0.000000 0.000000 -0.000001 -0.000000 0.000000 -0.000001 0.000000 0.000000 -0.000001 0.000000 0.000000 -0.000001 0.000000 
-0.763382 0.000000 -0.109374 -8.059192 -50.023267 -41.954512 17.368109 6.992273 -116.534693 15.547133 20.230670 -15.723591 4.146836 -15.688014 -1.658958 -0.000000 -0.000001 0.000000 -0.000000 -0.000001 0.000000 0.000001 0.000000 -0.000001 0.000000 -0.000001 0.000001 -0.000000 0.000001 -0.000002 0.000001 0.000000 -0.000001 0.000002 0.000001 -0.000001 0.000001 0.000000 -0.000001 0.000001 0.000000 -0.000001 0.000001 0.000001 -0.000002 0.000001 0.000001 -0.000002 0.000001 0.000000 -0.000001 0.000001 0.000000 -0.000001 0.000001 0.000000 -0.000002 
-0.763382 0.000000 -0.109374 -7.758394 -50.339252 -41.053730 17.187215 6.956592 -117.839273 16.000043 20.012519 -15.704874 4.005493 -15.819381 -1.425090 0.000000 -0.000001 -0.000000 -0.000000 -0.000001 -0.000000 0.000000 -0.000001 0.000000 0.000000 -0.000002 0.000000 -0.000001 -0.000000 -0.000000 0.000000 -0.000001 0.000000 0.000001 -0.000000 -0.000000 0.000000 -0.000000 0.000000 0.000000 -0.000001 -0.000000 -0.000001 -0.000000 -0.000001 0.000000 -0.000001 -0.000001 0.000000 -0.000001 -0.000000 0.000000 -0.000001 -0.000000 0.000000 -0.000001 -0.000000 
-0.763382 0.000000 -0.109374 -8.090156 -50.702659 -40.776888 16.455966 7.071168 -118.652626 16.335270 19.756566 -15.673602 3.878475 -15.909344 -1.274049 0.000000 -0.000001 -0.000000 0.000000 -0.000001 -0.000000 -0.000000 0.000000 -0.000000 -0.000001 -0.000000 0.000001 -0.000001 0.000001 -0.000001 -0.000000 0.000000 -0.000000 0.000001 0.000001 0.000000 0.000001 0.000000 -0.000000 -0.000000 0.000000 0.000000 0.000001 -0.000000 -0.000000 -0.000001 0.000000 -0.000001 -0.000000 0.000000 -0.000000 -0.000000 0.000000 -0.000000 -0.000000 0.000000 -0.000000 
-0.763382 0.000000 -0.109374 -8.592817 -50.994168 -40.684978 15.281216 7.378492 -118.757209 16.431678 19.552265 -15.542710 3.820495 -15.893543 -1.168848 0.000000 0.000002 0.000000 0.000000 0.000002 0.000000 -0.000001 0.000001 -0.000000 -0.000001 -0.000000 -0.000000 -0.000000 0.000001 -0.000001 -0.000001 0.000001 -0.000000 -0.000001 0.000001 -0.000000 -0.000001 0.000001 -0.000001 -0.000001 0.000001 -0.000001 -0.000001 0.000001 -0.000001 -0.000001 0.000001 -0.000001 -0.000001 0.000001 -0.000000 -0.000001 0.000001 -0.000000 -0.000001 0.000001 -0.000000 
-0.763382 0.000000 -0.109374 -8.464656 -50.898556 -40.344483 13.867068 7.832507 -118.010888 16.206531 19.558330 -15.235237 3.839485 -15.580029 -1.045979 -0.000001 0.000001 -0.000000 -0.000001 0.000001 -0.000000 -0.000001 -0.000000 0.000000 -0.000001 -0.000000 0.000001 -0.000001 -0.000000 -0.000000 -0.000001 -0.000000 0.000000 -0.000001 -0.000000 -0.000000 -0.000001 0.000001 -0.000000 -0.000001 -0.000000 0.000000 -0.000001 0.000001 -0.000001 -0.000001 -0.000000 -0.000000 -0.000001 -0.000000 0.000000 -0.000001 -0.000000 0.000000 -0.000001 -0.000000 0.000000 
-0.763382 0.000000 -0.109374 -6.675574 -49.603791 -39.473716 12.120458 8.171477 -115.807661 15.575802 19.253455 -14.789762 4.100889 -15.302690 -0.980705 -0.000000 0.000000 -0.000000 -0.000000 0.000000 -0.000000 -0.000000 -0.000000 0.000000 -0.000000 -0.000000 0.000001 0.000000 -0.000000 0.000003 -0.000000 -0.000000 0.000000 0.000000 0.000001 -0.000001 -0.000000 0.000001 -0.000001 -0.000000 -0.000000 -0.000000 0.000001 -0.000000 0.000001 0.000000 0.000001 -0.000000 -0.000000 -0.000000 -0.000000 -0.000000 -0.000000 -0.000000 -0.000000 -0.000000 -0.000000 
-0.763382 0.000000 -0.109374 -4.736329 -48.211389 -37.182559 10.241867 8.264514 -114.122919 14.882755 19.258907 -14.458354 4.420807 -14.819936 -0.817498 0.000001 -0.000004 0.000000 0.000001 -0.000004 0.000000 0.000001 0.000000 -0.000001 0.000000 0.000000 0.000002 0.000001 -0.000002 0.000001 0.000001 0.000000 -0.000002 0.000001 0.000000 -0.000002 0.000000 0.000000 -0.000001 0.000001 0.000000 -0.000002 0.000000 0.000000 -0.000002 0.000001 -0.000001 -0.000001 0.000001 0.000000 -0.000002 0.000001 0.000000 -0.000002 0.000001 0.000000 -0.000002 
-0.763382 0.000000 -0.109374 -2.651444 -46.601800 -34.422729 8.700575 8.277982 -112.570533 14.041340 19.716284 -14.038765 4.732478 -14.337040 -0.646716 0.000000 -0.000002 -0.000000 0.000000 -0.000002 -0.000000 0.000001 -0.000002 0.000002 -0.000000 -0.000000 0.000001 -0.000000 -0.000002 0.000001 0.000001 -0.000002 -0.000000 0.000000 0.000000 -0.000001 -0.000000 -0.000002 0.000000 0.000001 -0.000002 0.000001 -0.000001 -0.000000 0.000000 0.000000 -0.000002 0.000001 0.000001 -0.000002 -0.000000 0.000001 -0.000002 -0.000000 0.000001 -0.000002 -0.000001 
-0.763382 0.000000 -0.109374 -1.001876 -45.142885 -32.382801 7.819974 8.395677 -111.175979 13.147670 20.538997 -13.532110 5.018311 -13.979205 -0.522721 -0.000001 0.000000 -0.000002 -0.000000 0.000002 -0.000001 -0.000001 -0.000002 0.000002 0.000002 -0.000003 -0.000000 -0.000003 -0.000001 -0.000001 -0.000001 -0.000002 0.000001 0.000000 0.000000 0.000000 0.000000 -0.000002 0.000001 -0.000001 -0.000002 0.000002 -0.000001 0.000000 -0.000002 -0.000000 -0.000003 -0.000000 -0.000001 -0.000002 0.000001 -0.000001 -0.000002 0.000001 -0.000001 -0.000002 -0.000001 
-0.763382 0.000000 -0.109374 -0.825969 -44.721207 -32.364196 7.783257 8.826470 -110.383234 12.494108 21.422603 -13.161409 5.307799 -13.790773 -0.466397 -0.000000 -0.000001 0.000001 0.000001 -0.000001 0.000001 0.000002 -0.000002 0.000001 -0.000000 -0.000001 0.000001 0.000002 -0.000002 -0.000000 0.000002 -0.000002 -0.000000 0.000001 -0.000000 -0.000001 0.000002 -0.000002 -0.000000 0.000002 -0.000002 0.000000 0.000002 0.000000 -0.000004 0.000001 0.000001 0.000001 0.000002 -0.000002 -0.000000 0.000002 -0.000002 -0.000000 0.000002 -0.000002 -0.000002 
-0.763382 0.000000 -0.109374 -2.990280 -45.425850 -35.305251 6.990853 9.858383 -107.076309 10.837704 22.099499 -12.401216 5.562820 -13.684674 -0.483624 -0.000001 -0.000000 0.000001 -0.000000 -0.000000 0.000001 0.000002 -0.000002 0.000000 0.000002 -0.000002 -0.000000 0.000002 -0.000001 -0.000002 0.000002 -0.000002 -0.000000 0.000002 -0.000000 -0.000001 -0.000000 -0.000001 -0.000002 0.000002 -0.000002 0.000001 0.000000 -0.000001 -0.000005 0.000002 -0.000002 0.000001 0.000002 -0.000002 -0.000000 0.000002 -0.000002 -0.000000 0.000002 -0.000002 -0.000001 
-0.763382 0.000000 -0.109374 -4.179974 -45.777195 -36.837686 7.032570 10.783408 -106.067490 9.615378 22.435194 -11.908466 5.762815 -13.720063 -0.558698 0.000000 -0.000003 0.000001 0.000000 -0.000003 0.000001 0.000001 0.000001 0.000002 -0.000000 0.000001 -0.000000 -0.000000 0.000000 0.000002 0.000001 0.000001 0.000000 0.000000 0.000003 0.000001 0.000001 0.000001 0.000001 0.000001 0.000001 0.000001 0.000001 0.000001 -0.000000 0.000001 0.000001 0.000002 0.000001 0.000001 0.000000 0.000001 0.000001 0.000000 0.000001 0.000001 -0.000002 
-0.763382 0.000000 -0.109374 -4.634628 -46.006068 -36.995494 7.740724 11.372090 -106.190460 8.608286 22.695718 -11.616011 5.932974 -13.697143 -0.702365 -0.000001 -0.000001 0.000001 -0.000000 -0.000001 0.000001 0.000000 -0.000001 0.000001 0.000000 -0.000000 -0.000001 0.000001 -0.000003 0.000001 0.000000 -0.000001 -0.000001 -0.000001 0.000000 0.000000 0.000002 -0.000000 -0.000001 0.000000 -0.000001 -0.000000 0.000001 -0.000001 -0.000002 0.000000 -0.000001 0.000000 0.000000 -0.000001 -0.000001 0.000000 -0.000001 -0.000001 0.000000 -0.000001 -0.000003 
-0.763382 0.000000 -0.109374 -4.602640 -46.098408 -36.248750 8.763772 11.608712 -106.634300 7.666781 23.074744 -11.439932 6.089728 -13.620079 -0.911682 -0.000001 -0.000000 0.000001 -0.000000 -0.000000 0.000001 0.000001 -0.000003 0.000002 -0.000000 -0.000001 -0.000002 0.000001 -0.000002 -0.000001 0.000001 -0.000003 0.000000 -0.000000 -0.000001 0.000001 0.000000 -0.000002 -0.000000 0.000001 -0.000003 0.000001 0.000001 -0.000001 -0.000001 0.000001 -0.000003 0.000002 0.000001 -0.000003 0.000000 0.000001 -0.000003 0.000000 0.000001 -0.000003 -0.000001 
-0.763382 0.000000 -0.109374 -4.324005 -45.822015 -35.485275 9.594120 11.736693 -106.957450 6.716875 23.697384 -11.288384 6.239798 -13.697003 -1.168660 -0.000001 0.000001 -0.000001 -0.000000 0.000001 -0.000001 -0.000001 0.000001 0.000001 -0.000003 -0.000001 0.000002 -0.000001 0.000001 0.000000 -0.000001 0.000001 0.000000 0.000000 0.000001 -0.000001 -0.000000 0.000001 -0.000002 -0.000001 0.000001 0.000002 -0.000001 0.000001 -0.000002 -0.000001 -0.000001 0.000003 -0.000001 0.000001 0.000000 -0.000001 0.000001 0.000000 -0.000001 0.000001 -0.000000 
-0.763382 0.000000 -0.109374 -5.275987 -46.036544 -36.232945 10.094659 11.925892 -108.202156 6.391248 24.062244 -11.417791 6.373322 -13.888920 -1.393092 0.000001 -0.000002 0.000001 0.000001 -0.000000 0.000001 0.000001 0.000002 -0.000001 0.000001 -0.000003 0.000000 0.000001 -0.000001 -0.000000 0.000001 0.000002 -0.000002 -0.000000 0.000001 -0.000001 -0.000002 0.000001 -0.000002 0.000001 0.000002 -0.000001 0.000001 -0.000001 -0.000001 0.000002 0.000001 0.000000 0.000001 0.000002 -0.000002 0.000001 0.000002 -0.000002 0.000001 0.000002 -0.000003 
-0.763382 0.000000 -0.109374 -6.519533 -46.624722 -36.684615 10.120405 11.975075 -110.186599 6.526074 23.990240 -11.893841 6.385678 -13.984688 -1.590879 -0.000001 -0.000000 0.000001 -0.000001 -0.000000 0.000001 0.000001 0.000000 -0.000001 -0.000001 -0.000002 -0.000001 -0.000002 0.000000 -0.000001 0.000001 0.000000 0.000000 0.000001 0.000002 -0.000001 -0.000000 0.000002 -0.000000 0.000001 0.000000 0.000001 -0.000001 -0.000002 -0.000000 0.000001 0.000000 0.000001 0.000001 0.000000 0.000000 0.000001 0.000000 0.000000 0.000001 0.000000 0.000000 
-0.763382 0.000000 -0.109374 -7.463575 -47.414190 -36.686756 9.980681 11.873188 -111.568224 6.768602 23.795899 -12.337475 6.368755 -14.022426 -1.733837 0.000000 0.000002 -0.000002 0.000000 0.000002 -0.000002 -0.000002 0.000000 0.000002 -0.000001 0.000000 -0.000000 -0.000001 -0.000000 -0.000001 -0.000002 0.000000 0.000001 0.000001 0.000001 0.000000 0.000001 0.000001 -0.000000 -0.000002 0.000000 0.000002 -0.000004 0.000000 0.000001 -0.000002 0.000000 0.000001 -0.000002 0.000000 0.000001 -0.000002 0.000000 0.000001 -0.000002 0.000000 0.000000 
-0.763382 0.000000 -0.109374 -7.805854 -48.180848 -36.252820 9.943598 11.626404 -112.255177 7.022830 23.627714 -12.660195 6.342850 -14.054868 -1.838596 -0.000000 -0.000001 -0.000000 -0.000000 -0.000003 0.000001 0.000000 0.000001 -0.000000 0.000001 0.000000 0.000001 0.000001 -0.000002 0.000000 0.000000 0.000001 0.000001 -0.000000 0.000002 0.000001 0.000003 0.000002 -0.000001 0.000000 0.000001 0.000002 0.000002 -0.000002 0.000001 -0.000000 0.000000 0.000000 0.000000 0.000001 0.000001 0.000000 0.000001 0.000001 0.000000 0.000001 0.000001 
-0.763382 0.000000 -0.109374 -7.565978 -48.637989 -35.596248 10.232504 11.268296 -113.402430 7.445087 23.462719 -13.061932 6.256534 -14.148756 -1.967045 -0.000000 -0.000001 0.000001 -0.000000 -0.000001 0.000001 0.000000 0.000001 -0.000000 0.000001 -0.000000 0.000002 0.000001 0.000000 -0.000000 0.000000 0.000001 -0.000001 -0.000000 0.000003 -0.000002 -0.000002 0.000001 -0.000002 0.000000 0.000001 -0.000001 0.000000 0.000001 -0.000002 0.000000 0.000001 -0.000002 0.000000 0.000001 -0.000001 0.000000 0.000001 -0.000001 0.000000 0.000001 -0.000002 
-0.763382 0.000000 -0.109374 -6.725240 -49.347335 -34.269033 11.577105 10.652189 -115.500958 8.277075 23.397643 -13.695887 6.090876 -14.149626 -1.957452 -0.000000 0.000000 -0.000001 0.000000 0.000000 -0.000001 0.000001 0.000001 -0.000000 -0.000000 0.000001 -0.000001 0.000001 0.000001 -0.000001 0.000001 0.000001 0.000000 -0.000001 0.000000 -0.000000 0.000002 0.000001 0.000001 0.000001 0.000001 0.000000 0.000001 0.000000 -0.000002 0.000001 0.000001 -0.000000 0.000001 0.000001 0.000000 0.000001 0.000001 0.000000 0.000001 0.000001 0.000000 
-0.763382 0.000000 -0.109374 -5.941243 -49.921836 -33.125092 12.514449 10.184930 -116.813679 8.799519 23.505083 -14.067003 5.876349 -14.144097 -1.934039 0.000001 0.000001 0.000001 0.000001 0.000001 0.000001 -0.000001 0.000002 -0.000000 -0.000001 0.000000 -0.000001 -0.000001 0.000002 -0.000002 -0.000001 0.000002 -0.000001 -0.000001 0.000003 -0.000001 -0.000001 0.000003 -0.000000 -0.000001 0.000002 -0.000001 -0.000001 0.000001 -0.000002 -0.000001 0.000002 -0.000001 -0.000001 0.000002 -0.000001 -0.000001 0.000002 -0.000001 -0.000001 0.000002 -0.000001 
-0.763382 0.000000 -0.109374 -4.772433 -49.957370 -31.704570 13.102255 9.814756 -117.826774 9.076793 23.555722 -14.334918 5.710542 -14.149615 -1.830574 0.000002 -0.000000 0.000001 0.000002 -0.000000 0.000001 -0.000001 0.000000 -0.000000 -0.000001 0.000001 -0.000000 -0.000001 0.000001 -0.000000 -0.000001 0.000000 0.000000 0.000001 0.000001 -0.000001 0.000001 0.000000 0.000001 -0.000001 0.000000 0.000000 -0.000001 0.000000 -0.000000 -0.000002 0.000000 -0.000000 -0.000001 0.000000 0.000000 -0.000001 0.000000 0.000000 -0.000001 0.000000 -0.000001 
-0.763382 0.000000 -0.109374 -3.386908 -49.386243 -30.002931 13.181645 9.598543 -118.645659 9.134632 23.502063 -14.595377 5.597497 -14.149766 -1.648481 -0.000000 -0.000001 0.000001 -0.000000 -0.000001 0.000001 -0.000002 0.000000 -0.000001 -0.000002 -0.000002 0.000000 -0.000002 0.000000 -0.000000 -0.000002 0.000000 -0.000000 -0.000000 -0.000000 -0.000001 -0.000000 0.000000 -0.000000 -0.000002 0.000000 -0.000001 -0.000002 0.000000 -0.000001 -0.000002 0.000000 -0.000000 -0.000002 0.000000 -0.000000 -0.000002 0.000000 -0.000000 -0.000002 0.000000 -0.000002 
-0.763382 0.000000 -0.109374 -2.504659 -48.514540 -28.412390 12.388730 9.719197 -118.998452 8.964190 23.481603 -14.884813 5.447504 -14.094240 -1.456654 0.000000 0.000001 0.000001 0.000000 0.000001 0.000001 -0.000002 0.000000 0.000000 -0.000002 -0.000001 0.000001 -0.000002 0.000000 -0.000000 -0.000002 0.000000 0.000001 -0.000002 0.000001 0.000000 -0.000002 0.000000 0.000001 -0.000002 0.000000 0.000001 -0.000001 0.000000 -0.000001 -0.000003 0.000000 0.000000 -0.000002 0.000000 0.000001 -0.000002 0.000000 0.000001 -0.000002 0.000000 0.000001 
-0.763382 0.000000 -0.109374 -2.287625 -47.974234 -28.342089 12.323997 10.357480 -117.707327 8.398185 23.867507 -14.721440 5.206389 -13.885358 -1.428116 0.000000 -0.000000 -0.000001 0.000000 -0.000000 -0.000001 -0.000002 0.000000 0.000001 -0.000002 0.000000 0.000002 -0.000002 0.000001 0.000001 -0.000002 0.000000 0.000002 -0.000002 0.000000 0.000001 -0.000001 0.000000 0.000002 -0.000002 0.000000 0.000002 -0.000000 0.000001 -0.000000 -0.000002 0.000001 0.000002 -0.000002 0.000000 0.000002 -0.000002 0.000000 0.000002 -0.000002 0.000000 0.000001 
-0.763382 0.000000 -0.109374 -1.467052 -47.034769 -28.214986 12.322510 10.750277 -116.954791 7.884325 24.097674 -14.604264 5.118593 -13.662373 -1.454183 0.000002 -0.000000 0.000001 0.000002 -0.000000 0.000001 -0.000001 -0.000001 0.000000 -0.000003 -0.000002 -0.000000 -0.000001 0.000000 -0.000001 -0.000001 -0.000001 0.000000 -0.000003 0.000001 0.000000 0.000001 0.000000 -0.000001 -0.000001 -0.000001 0.000001 -0.000001 0.000000 -0.000002 -0.000001 -0.000001 -0.000000 -0.000001 -0.000001 0.000000 -0.000001 -0.000001 0.000000 -0.000001 -0.000001 0.000000 
-0.763382 0.000000 -0.109374 -1.003833 -46.504689 -28.538067 12.476153 11.055756 -115.382126 7.320942 24.371571 -14.292740 5.003378 -13.427791 -1.624489 -0.000001 0.000000 -0.000002 -0.000001 0.000000 -0.000002 0.000002 0.000001 0.000000 0.000002 0.000000 -0.000000 0.000002 0.000000 -0.000000 0.000002 0.000001 0.000000 0.000001 0.000003 0.000000 -0.000001 0.000002 -0.000001 0.000002 0.000001 0.000000 0.000004 0.000000 -0.000001 0.000002 0.000001 -0.000000 0.000002 0.000001 0.000000 0.000002 0.000001 0.000000 0.000002 0.000001 -0.000000 
-0.763382 0.000000 -0.109374 -0.952991 -46.348294 -29.007731 12.658581 11.156177 -113.666663 6.878744 24.652338 -13.937664 4.870161 -13.256096 -1.916932 0.000001 -0.000002 0.000001 0.000001 -0.000002 0.000001 0.000001 0.000000 0.000000 0.000001 0.000002 0.000001 0.000003 0.000001 0.000000 0.000001 0.000000 -0.000000 -0.000001 0.000001 -0.000000 0.000001 0.000001 0.000000 0.000001 0.000000 -0.000000 0.000002 0.000000 -0.000001 0.000001 -0.000001 0.000001 0.000001 0.000000 -0.000000 0.000001 0.000000 -0.000000 0.000001 0.000000 -0.000000 
-0.763382 0.000000 -0.109374 -0.514591 -45.682528 -28.572502 12.549223 10.636934 -114.525067 7.011063 24.675894 -14.091992 4.915959 -13.295548 -2.200001 -0.000000 0.000002 -0.000002 -0.000000 0.000002 -0.000002 0.000001 -0.000001 0.000000 -0.000001 0.000001 0.000000 0.000001 -0.000002 -0.000000 0.000001 -0.000001 -0.000000 -0.000000 0.000000 -0.000001 -0.000000 -0.000001 0.000000 0.000001 -0.000001 0.000000 -0.000001 -0.000002 -0.000001 0.000001 -0.000002 0.000001 0.000001 -0.000001 -0.000000 0.000001 -0.000001 -0.000000 0.000001 -0.000001 -0.000000 
-0.763382 0.000000 -0.109374 0.190210 -44.402681 -28.175736 11.803885 10.147821 -113.549334 6.513235 24.655516 -13.802649 5.179059 -13.546292 -2.536002 -0.000000 0.000001 0.000000 0.000000 0.000001 0.000000 -0.000002 0.000000 0.000000 0.000000 0.000002 -0.000000 -0.000002 0.000000 -0.000000 -0.000002 0.000000 0.000001 0.000000 0.000000 0.000001 -0.000000 0.000000 0.000001 -0.000002 0.000000 0.000001 0.000000 -0.000001 -0.000002 -0.000001 -0.000001 0.000001 -0.000002 0.000000 0.000001 -0.000002 0.000000 0.000001 -0.000002 0.000000 0.000001 
-0.763382 0.000000 -0.109374 0.283201 -43.479328 -28.045404 11.210124 9.747158 -114.628661 6.773380 24.139174 -13.997534 5.488220 -13.847531 -2.720239 -0.000001 0.000005 0.000001 -0.000001 0.000005 0.000001 -0.000001 0.000001 0.000001 -0.000000 0.000000 -0.000000 -0.000001 0.000000 -0.000002 -0.000001 0.000001 0.000001 -0.000001 0.000001 0.000001 -0.000001 0.000002 -0.000000 -0.000001 0.000001 0.000002 -0.000001 0.000000 -0.000001 -0.000000 -0.000000 0.000001 -0.000001 0.000001 0.000001 -0.000001 0.000001 0.000001 -0.000001 0.000001 0.000001 
-0.763382 0.000000 -0.109374 -0.843971 -43.467020 -29.498043 10.940898 9.476312 -117.354972 7.611369 23.323286 -14.485866 5.749033 -14.116178 -2.755474 -0.000000 -0.000000 -0.000001 -0.000001 -0.000000 -0.000001 -0.000001 -0.000001 -0.000001 -0.000001 -0.000001 -0.000001 -0.000003 -0.000001 -0.000000 -0.000001 -0.000001 -0.000001 0.000003 0.000001 0.000000 0.000003 -0.000001 -0.000001 -0.000001 -0.000001 -0.000001 -0.000001 -0.000001 -0.000000 -0.000002 -0.000001 -0.000000 -0.000001 -0.000001 -0.000001 -0.000001 -0.000001 -0.000001 -0.000001 -0.000001 -0.000001 
-0.763382 0.000000 -0.109374 -2.859264 -44.231608 -32.269656 11.049549 9.296173 -120.779738 8.693016 22.482049 -15.082287 5.877800 -14.289869 -2.697676 -0.000000 -0.000002 0.000001 0.000000 -0.000002 0.000001 -0.000000 -0.000002 0.000000 -0.000001 -0.000002 -0.000000 -0.000000 -0.000002 -0.000000 -0.000000 -0.000002 0.000000 -0.000001 -0.000000 0.000000 -0.000000 0.000002 -0.000001 -0.000000 -0.000002 0.000001 -0.000000 -0.000000 0.000002 -0.000000 -0.000002 0.000000 -0.000000 -0.000002 0.000000 -0.000000 -0.000002 0.000000 -0.000000 -0.000002 0.000001 
-0.763382 0.000000 -0.109374 -4.361323 -45.081977 -34.389183 11.460877 9.115537 -123.413554 9.547496 21.980334 -15.632093 5.800918 -14.327888 -2.655006 -0.000000 -0.000001 0.000000 -0.000000 -0.000000 -0.000000 0.000001 0.000003 -0.000000 0.000002 -0.000000 0.000001 0.000001 0.000003 0.000000 0.000001 0.000003 0.000000 0.000002 0.000003 -0.000000 0.000001 0.000003 0.000001 0.000001 0.000003 0.000000 0.000001 0.000003 0.000000 0.000001 0.000003 -0.000001 0.000001 0.000003 0.000000 0.000001 0.000003 0.000000 0.000001 0.000003 0.000000 
-0.763382 0.000000 -0.109374 -5.004963 -46.085322 -35.411307 12.360651 9.036714 -124.627375 10.032543 22.092918 -15.784644 5.679878 -14.218823 -2.556490 0.000000 0.000002 0.000000 0.000000 0.000002 -0.000000 0.000001 0.000001 0.000000 0.000001 0.000001 0.000000 0.000001 0.000001 0.000000 0.000001 0.000001 0.000000 -0.000000 0.000002 0.000001 0.000000 0.000002 -0.000000 0.000001 0.000001 0.000000 0.000001 0.000001 0.000000 0.000001 0.000001 -0.000000 0.000001 0.000001 0.000000 0.000001 0.000001 0.000000 0.000001 0.000001 -0.000000 
-0.763382 0.000000 -0.109374 -5.425209 -47.085880 -35.793975 12.538279 9.193873 -124.469570 10.205695 22.375351 -15.707338 5.656721 -14.146806 -2.401297 -0.000000 0.000001 -0.000000 -0.000000 0.000001 -0.000000 0.000001 -0.000001 0.000000 -0.000000 0.000001 0.000000 0.000000 -0.000001 -0.000000 0.000001 -0.000001 0.000000 -0.000000 0.000001 0.000000 0.000000 -0.000001 -0.000001 0.000001 -0.000001 0.000000 0.000000 0.000001 -0.000000 0.000000 -0.000001 -0.000000 0.000001 -0.000001 0.000000 0.000001 -0.000001 0.000000 0.000001 -0.000001 0.000000 
-0.763382 0.000000 -0.109374 -5.829612 -47.791909 -36.176896 12.108488 9.506259 -123.850181 10.213676 22.637620 -15.547932 5.654854 -14.169852 -2.215419 0.000001 0.000002 -0.000000 -0.000000 0.000002 -0.000000 0.000000 -0.000001 -0.000001 0.000000 0.000002 -0.000000 0.000001 -0.000001 -0.000000 0.000000 -0.000001 -0.000001 0.000000 0.000000 -0.000001 -0.000001 0.000000 -0.000001 0.000000 -0.000001 -0.000001 0.000001 -0.000001 -0.000001 0.000000 -0.000001 -0.000001 0.000000 -0.000001 -0.000001 0.000000 -0.000001 -0.000001 0.000000 -0.000001 -0.000001 
-0.763382 0.000000 -0.109374 -6.214744 -48.284749 -36.495142 11.436495 9.607826 -123.716582 10.377532 22.585376 -15.508622 5.634372 -14.251628 -2.040991 -0.000000 0.000000 -0.000000 -0.000000 0.000000 -0.000000 0.000001 -0.000001 0.000001 0.000001 -0.000001 -0.000000 0.000001 -0.000001 0.000000 0.000001 -0.000001 0.000001 -0.000001 0.000001 0.000001 0.000001 -0.000001 0.000001 0.000001 -0.000001 0.000001 0.000000 -0.000001 -0.000000 0.000001 -0.000001 -0.000000 0.000001 -0.000001 0.000001 0.000001 -0.000001 0.000001 0.000001 -0.000001 0.000001 
-0.763382 0.000000 -0.109374 -6.338318 -49.029369 -35.957941 11.133470 8.878139 -125.065313 11.186047 21.818479 -15.837742 5.591116 -14.261287 -1.936664 -0.000000 0.000000 -0.000000 -0.000000 0.000000 -0.000000 -0.000000 -0.000000 0.000000 0.000001 -0.000002 -0.000001 0.000000 -0.000000 -0.000000 -0.000000 -0.000000 -0.000000 -0.000000 0.000002 0.000000 -0.000000 0.000002 -0.000000 -0.000000 -0.000000 -0.000000 0.000001 -0.000002 -0.000001 0.000000 -0.000000 -0.000000 -0.000000 -0.000000 -0.000000 -0.000000 -0.000000 -0.000000 -0.000000 -0.000000 -0.000000 
-0.763382 0.000000 -0.109374 -6.130645 -49.044877 -35.853589 10.931308 8.921547 -124.977271 11.178974 21.859320 -15.591222 5.520566 -14.331941 -1.682002 0.000000 -0.000001 -0.000000 -0.000000 -0.000001 -0.000000 -0.000000 -0.000000 0.000000 0.000001 -0.000002 0.000000 -0.000000 -0.000000 0.000000 -0.000000 -0.000000 0.000000 0.000000 -0.000000 -0.000000 -0.000000 -0.000000 0.000000 -0.000000 -0.000000 0.000000 -0.000000 -0.000002 -0.000000 -0.000000 -0.000000 0.000000 -0.000000 -0.000000 0.000000 -0.000000 -0.000000 0.000000 -0.000000 -0.000000 0.000000 
-0.763382 0.000000 -0.109374 -5.286303 -48.247725 -35.673914 10.096008 9.183580 -123.664878 10.732020 21.885699 -15.218790 5.525691 -14.347844 -1.446719 -0.000001 0.000000 -0.000000 -0.000000 0.000000 -0.000000 -0.000000 0.000001 0.000000 -0.000001 -0.000001 0.000000 -0.000000 0.000001 -0.000000 -0.000000 0.000001 0.000001 -0.000000 0.000003 0.000000 0.000001 0.000003 0.000001 -0.000000 0.000001 0.000001 -0.000001 0.000001 -0.000000 -0.000000 0.000001 -0.000000 -0.000000 0.000001 0.000001 -0.000000 0.000001 0.000001 -0.000000 0.000001 0.000001 
-0.763382 0.000000 -0.109374 -4.675505 -47.216019 -35.483403 8.911849 9.693603 -121.674356 9.980742 21.981955 -14.788367 5.597787 -14.316721 -1.165906 0.000000 0.000000 -0.000000 0.000000 0.000000 -0.000000 0.000001 0.000001 -0.000000 0.000001 0.000002 -0.000000 -0.000000 0.000001 -0.000000 0.000001 0.000001 0.000000 -0.000000 0.000003 -0.000000 0.000001 0.000003 -0.000000 0.000001 0.000001 -0.000000 -0.000000 0.000001 -0.000000 0.000001 0.000001 -0.000000 0.000001 0.000001 -0.000000 0.000001 0.000001 -0.000000 0.000001 0.000001 0.000000 
-0.763382 0.000000 -0.109374 -4.486644 -46.354301 -35.237366 7.856291 10.312049 -119.655857 9.141822 22.186480 -14.370293 5.677765 -14.194180 -0.902366 -0.000001 -0.000000 -0.000002 -0.000001 -0.000000 -0.000002 -0.000000 -0.000002 -0.000001 -0.000000 -0.000000 -0.000000 -0.000000 -0.000002 -0.000000 -0.000000 -0.000002 -0.000000 -0.000000 -0.000000 0.000001 -0.000000 -0.000000 0.000000 -0.000000 -0.000002 0.000000 0.000000 -0.000000 0.000000 0.000000 -0.000002 -0.000000 -0.000000 -0.000002 -0.000000 -0.000000 -0.000002 -0.000000 -0.000000 -0.000002 -0.000000 
-0.763382 0.000000 -0.109374 -4.266432 -45.889469 -34.833326 7.629944 10.765812 -118.386057 8.515506 22.494511 -14.040674 5.656488 -13.884557 -0.846199 -0.000000 -0.000001 -0.000002 -0.000000 -0.000001 -0.000002 0.000000 -0.000001 -0.000001 0.000001 0.000001 0.000000 -0.000000 -0.000001 -0.000000 0.000000 -0.000001 -0.000000 -0.000001 -0.000001 -0.000000 -0.000002 0.000001 -0.000000 0.000000 -0.000001 -0.000000 0.000001 -0.000001 -0.000001 -0.000000 -0.000001 -0.000001 0.000000 -0.000001 -0.000000 0.000000 -0.000001 -0.000000 0.000000 -0.000001 -0.000001 
-0.763382 0.000000 -0.109374 -4.194038 -45.401596 -34.529601 7.752600 11.452061 -118.526458 7.929315 23.159860 -13.990066 5.696187 -13.618886 -0.675218 -0.000001 0.000001 -0.000001 -0.000001 0.000001 -0.000001 -0.000000 0.000000 -0.000000 -0.000000 0.000001 -0.000000 0.000001 0.000001 -0.000000 -0.000000 0.000000 0.000001 -0.000002 0.000002 0.000001 0.000001 0.000002 0.000001 -0.000000 0.000000 0.000000 0.000001 0.000000 0.000000 -0.000000 0.000001 -0.000001 -0.000000 0.000000 0.000001 -0.000000 0.000000 0.000001 -0.000000 0.000000 0.000001 
-0.763382 0.000000 -0.109374 -3.519709 -45.102809 -34.941817 8.648799 12.104132 -115.677819 6.700533 24.010533 -13.231585 5.688557 -13.420598 -0.810100 0.000002 0.000001 0.000001 0.000001 0.000001 0.000001 -0.000003 -0.000001 -0.000000 -0.000001 0.000000 -0.000000 -0.000001 -0.000001 0.000001 -0.000003 -0.000001 0.000001 -0.000001 0.000001 0.000000 -0.000001 0.000001 -0.000000 -0.000003 -0.000001 0.000002 0.000001 -0.000001 0.000001 -0.000002 -0.000001 -0.000000 -0.000003 -0.000001 0.000001 -0.000003 -0.000001 0.000001 -0.000003 -0.000001 0.000001 
-0.763382 0.000000 -0.109374 -3.056549 -45.244443 -35.670929 9.706862 12.523812 -111.881333 5.557249 24.719496 -12.272271 5.700776 -13.329261 -1.072052 0.000000 0.000001 0.000001 0.000000 0.000001 0.000001 -0.000000 -0.000000 0.000000 -0.000000 0.000001 0.000001 -0.000002 -0.000001 0.000000 -0.000000 -0.000000 0.000001 -0.000000 0.000002 0.000001 0.000001 0.000001 0.000000 -0.000000 -0.000000 0.000002 -0.000000 0.000000 -0.000001 -0.000001 -0.000000 0.000001 -0.000000 -0.000000 0.000001 -0.000000 -0.000000 0.000001 -0.000000 -0.000000 0.000001 
-0.763382 0.000000 -0.109374 -2.871955 -45.521613 -36.278857 10.523514 12.584675 -108.556964 4.825866 25.125170 -11.473281 5.788862 -13.371540 -1.351094 -0.000000 -0.000001 -0.000000 0.000000 -0.000001 -0.000000 0.000000 0.000000 0.000001 0.000002 0.000000 0.000000 0.000001 0.000001 -0.000001 0.000000 0.000000 0.000000 0.000001 0.000000 0.000000 0.000002 -0.000002 0.000000 0.000000 0.000000 0.000001 0.000000 0.000001 -0.000002 0.000000 -0.000001 0.000001 0.000000 0.000000 -0.000000 0.000000 0.000000 -0.000000 0.000000 0.000000 -0.000000 
-0.763382 0.000000 -0.109374 -2.268923 -45.085689 -36.282177 10.849896 12.261434 -106.510721 4.404520 25.208741 -11.016431 5.999183 -13.561187 -1.605015 0.000000 0.000002 0.000003 0.000001 0.000002 0.000003 -0.000000 0.000000 0.000001 0.000000 -0.000002 0.000002 -0.000000 -0.000001 0.000000 -0.000000 0.000000 0.000001 -0.000003 0.000001 0.000000 -0.000003 0.000000 0.000001 -0.000000 0.000000 0.000001 -0.000000 0.000000 0.000000 0.000000 0.000000 0.000003 -0.000000 0.000000 0.000001 -0.000000 0.000000 0.000001 -0.000000 0.000000 0.000001 
-0.763382 0.000000 -0.109374 -1.242272 -43.482917 -35.645972 10.432532 11.623997 -104.387448 3.709651 24.993846 -10.652632 6.245405 -13.935962 -1.941782 0.000003 0.000001 -0.000001 0.000003 0.000000 0.000001 -0.000003 0.000001 -0.000001 0.000003 0.000000 0.000000 -0.000003 -0.000001 -0.000001 -0.000003 0.000001 -0.000001 -0.000001 0.000000 -0.000002 0.000000 0.000001 -0.000002 -0.000003 0.000001 -0.000000 0.000000 0.000003 -0.000002 -0.000003 0.000002 -0.000001 -0.000003 0.000001 -0.000001 -0.000003 0.000001 -0.000001 -0.000003 0.000001 -0.000001 
-0.763382 0.000000 -0.109374 -1.892482 -43.281625 -35.163166 10.222853 11.345024 -105.233893 4.226688 24.598231 -11.027413 6.382864 -14.017746 -2.085777 0.000000 -0.000001 0.000001 0.000000 -0.000001 0.000001 -0.000001 -0.000001 -0.000002 -0.000001 -0.000001 0.000001 -0.000001 0.000001 -0.000001 -0.000001 -0.000001 -0.000002 -0.000003 0.000001 -0.000002 0.000001 0.000001 -0.000002 -0.000001 -0.000001 -0.000001 0.000003 -0.000002 -0.000003 -0.000000 -0.000001 -0.000002 -0.000001 -0.000001 -0.000002 -0.000001 -0.000001 -0.000002 -0.000001 -0.000001 -0.000003 
-0.763382 0.000000 -0.109374 -3.091917 -44.230215 -35.144079 10.838574 11.200960 -107.466026 5.379042 24.416350 -11.613818 6.401850 -13.874940 -2.099959 -0.000000 0.000001 0.000001 -0.000000 0.000001 0.000001 -0.000000 0.000002 -0.000003 -0.000000 0.000001 0.000000 -0.000002 0.000000 -0.000000 -0.000000 0.000002 -0.000003 -0.000002 0.000002 -0.000001 -0.000004 0.000002 -0.000002 -0.000000 0.000002 -0.000002 0.000001 0.000000 -0.000003 -0.000000 0.000001 -0.000001 -0.000000 0.000002 -0.000003 -0.000000 0.000002 -0.000003 -0.000000 0.000002 -0.000003 
-0.763382 0.000000 -0.109374 -4.171153 -45.867978 -35.368393 12.105880 11.000523 -109.944169 6.721336 24.553456 -12.179019 6.326733 -13.632291 -2.039152 -0.000000 0.000002 0.000001 -0.000000 0.000002 0.000001 0.000001 0.000001 -0.000000 0.000001 0.000001 0.000001 0.000001 0.000001 -0.000000 0.000001 0.000001 0.000000 -0.000000 0.000002 -0.000001 0.000001 0.000002 -0.000001 0.000001 0.000001 0.000000 -0.000001 0.000000 -0.000001 0.000001 0.000001 0.000000 0.000001 0.000001 0.000000 0.000001 0.000001 0.000000 0.000001 0.000001 0.000000 
-0.763382 0.000000 -0.109374 -4.797869 -47.556667 -34.957444 13.042040 10.698548 -111.971027 7.920923 24.827452 -12.762159 6.217356 -13.470222 -1.951075 -0.000000 0.000000 0.000001 -0.000000 0.000000 0.000001 0.000001 -0.000001 0.000001 0.000001 -0.000001 0.000001 0.000001 -0.000000 -0.000003 0.000001 -0.000001 0.000000 0.000001 -0.000001 0.000000 -0.000001 0.000000 -0.000001 0.000001 -0.000001 0.000000 0.000001 -0.000001 -0.000002 0.000001 0.000000 0.000000 0.000001 -0.000001 0.000000 0.000001 -0.000001 0.000000 0.000001 -0.000001 0.000000 
-0.763382 0.000000 -0.109374 -4.692141 -48.635889 -34.355046 13.603409 10.474694 -112.628802 8.465474 25.247106 -12.979008 6.100484 -13.404367 -1.812196 0.000000 0.000000 -0.000000 0.000000 0.000000 -0.000000 -0.000001 0.000001 -0.000000 0.000001 -0.000000 0.000001 -0.000001 0.000001 0.000000 -0.000001 0.000001 0.000000 -0.000001 0.000001 -0.000001 -0.000001 0.000002 -0.000002 -0.000001 0.000001 -0.000000 -0.000001 0.000001 -0.000001 -0.000001 0.000002 -0.000000 -0.000001 0.000001 -0.000000 -0.000001 0.000001 -0.000000 -0.000001 0.000001 -0.000000 
-0.763382 0.000000 -0.109374 -4.179166 -49.233076 -33.256720 13.783033 10.145680 -113.887756 8.815694 25.328787 -13.270661 6.014215 -13.358697 -1.750903 -0.000001 -0.000001 0.000001 -0.000001 -0.000001 0.000001 -0.000000 0.000000 0.000000 -0.000001 0.000001 0.000000 -0.000001 0.000001 -0.000001 -0.000000 0.000000 0.000000 0.000002 0.000001 -0.000000 -0.000002 0.000001 -0.000001 -0.000000 0.000000 0.000000 0.000003 0.000000 -0.000002 -0.000001 0.000001 0.000000 -0.000000 0.000000 0.000000 -0.000000 0.000000 0.000000 -0.000000 0.000000 0.000000 
-0.763382 0.000000 -0.109374 -3.729801 -49.498248 -32.360340 13.577182 9.885068 -115.151361 9.015851 25.194840 -13.577190 5.943900 -13.331590 -1.716892 -0.000001 0.000000 0.000001 -0.000001 0.000000 0.000001 0.000000 -0.000000 -0.000000 0.000002 -0.000000 0.000001 -0.000000 0.000000 0.000000 0.000000 -0.000000 -0.000000 0.000000 0.000000 -0.000001 0.000000 -0.000000 -0.000000 0.000000 -0.000000 -0.000001 0.000002 0.000000 -0.000001 -0.000000 -0.000000 -0.000001 0.000000 -0.000000 -0.000000 0.000000 -0.000000 -0.000000 0.000000 -0.000000 -0.000001 
-0.763382 0.000000 -0.109374 -3.589054 -49.594796 -32.057626 13.161992 9.714716 -116.224657 9.195614 24.949759 -13.898999 5.850644 -13.328972 -1.722232 -0.000001 -0.000000 0.000001 -0.000001 -0.000000 0.000001 0.000001 0.000000 -0.000000 0.000002 0.000000 0.000000 0.000001 0.000001 0.000001 0.000001 0.000000 0.000000 0.000001 0.000001 0.000000 -0.000001 0.000000 0.000001 0.000001 0.000000 0.000000 0.000001 0.000000 -0.000000 0.000000 0.000000 -0.000000 0.000001 0.000000 0.000000 0.000001 0.000000 0.000000 0.000001 0.000000 0.000000 
-0.763382 0.000000 -0.109374 -3.754353 -49.684698 -32.413189 12.880225 9.493735 -117.310958 9.568400 24.678276 -14.293406 5.671298 -13.363892 -1.841454 -0.000001 -0.000002 0.000000 -0.000001 -0.000002 0.000000 0.000001 0.000000 -0.000001 0.000001 -0.000000 0.000001 0.000001 -0.000000 -0.000000 0.000001 0.000000 -0.000000 -0.000000 0.000001 -0.000000 -0.000001 0.000001 -0.000001 0.000001 0.000000 -0.000001 0.000001 0.000000 -0.000001 0.000001 0.000000 -0.000000 0.000001 0.000000 -0.000000 0.000001 0.000000 -0.000000 0.000001 0.000000 -0.000001 
-0.763382 0.000000 -0.109374 -4.648262 -49.616352 -34.885007 12.992074 9.422631 -117.258803 9.899863 24.637667 -14.483211 5.574181 -13.624092 -1.981816 -0.000001 0.000001 0.000000 -0.000001 0.000001 0.000000 0.000000 0.000000 -0.000000 0.000000 -0.000001 0.000001 0.000000 -0.000001 0.000000 0.000000 0.000000 -0.000000 0.000001 0.000001 0.000001 -0.000001 0.000000 -0.000000 0.000000 0.000000 -0.000000 -0.000001 0.000000 0.000000 0.000000 0.000000 0.000000 0.000000 0.000000 -0.000000 0.000000 0.000000 -0.000000 0.000000 0.000000 -0.000000 
-0.763382 0.000000 -0.109374 -6.056919 -49.745849 -37.304711 13.204378 9.170490 -117.650336 10.555444 24.371402 -14.888009 5.453611 -13.817566 -2.118479 -0.000000 -0.000001 -0.000001 -0.000000 -0.000001 -0.000001 0.000001 -0.000001 -0.000000 0.000001 0.000001 0.000000 -0.000000 -0.000001 -0.000000 0.000001 -0.000001 -0.000000 0.000002 -0.000000 0.000001 0.000001 0.000000 -0.000001 0.000001 -0.000001 -0.000001 0.000001 0.000000 -0.000001 0.000001 0.000000 -0.000001 0.000001 -0.000001 -0.000000 0.000001 -0.000001 -0.000000 0.000001 -0.000001 -0.000001 
-0.763382 0.000000 -0.109374 -7.584952 -49.850508 -39.626749 13.472686 8.814601 -118.364692 11.275725 23.979930 -15.335911 5.368193 -13.975985 -2.198200 -0.000000 0.000002 -0.000000 -0.000000 0.000002 -0.000000 -0.000001 0.000001 -0.000000 -0.000001 -0.000001 0.000000 -0.000001 0.000000 -0.000001 -0.000001 0.000001 -0.000000 -0.000001 0.000001 -0.000001 -0.000001 0.000001 -0.000000 -0.000001 0.000001 -0.000000 -0.000001 -0.000000 -0.000001 -0.000001 0.000001 -0.000001 -0.000001 0.000001 -0.000000 -0.000001 0.000001 -0.000000 -0.000001 0.000001 -0.000000 
-0.763382 0.000000 -0.109374 -8.995410 -49.910730 -41.654896 13.526616 8.429868 -118.954452 11.883418 23.476267 -15.710053 5.309343 -14.101311 -2.230925 -0.000000 -0.000000 0.000002 -0.000000 -0.000000 0.000001 0.000001 0.000001 -0.000001 0.000001 0.000001 -0.000001 0.000000 0.000001 -0.000001 0.000001 0.000001 -0.000001 0.000001 0.000002 -0.000001 -0.000000 0.000001 -0.000001 0.000001 0.000001 -0.000001 0.000001 0.000000 -0.000001 0.000001 0.000001 -0.000001 0.000001 0.000001 -0.000001 0.000001 0.000001 -0.000001 0.000001 0.000001 -0.000001 
-0.763382 0.000000 -0.109374 -10.252023 -50.100998 -43.082057 12.877668 8.090721 -118.650508 12.281445 22.783462 -15.946272 5.200896 -14.165306 -2.290182 -0.000000 0.000002 -0.000000 -0.000000 0.000002 -0.000000 -0.000000 -0.000000 -0.000000 -0.000000 -0.000001 0.000001 -0.000001 0.000000 0.000000 -0.000000 -0.000000 -0.000000 0.000001 -0.000000 -0.000001 -0.000000 -0.000000 -0.000001 -0.000000 -0.000000 -0.000001 -0.000001 0.000000 -0.000001 -0.000000 -0.000000 -0.000001 -0.000000 -0.000000 -0.000000 -0.000000 -0.000000 -0.000000 -0.000000 -0.000000 -0.000000 
-0.763382 0.000000 -0.109374 -11.151170 -50.482095 -43.652668 12.403920 7.658829 -118.217187 12.604546 21.876999 -16.100361 5.210426 -14.219669 -2.311543 -0.000001 0.000002 0.000001 -0.000001 0.000002 0.000001 -0.000000 -0.000001 0.000000 0.000000 -0.000001 0.000001 0.000000 -0.000000 0.000000 -0.000000 -0.000001 0.000001 -0.000000 -0.000001 0.000001 -0.000000 -0.000001 0.000001 -0.000000 -0.000001 0.000000 0.000000 -0.000001 0.000000 -0.000000 -0.000001 0.000000 -0.000000 -0.000001 0.000001 -0.000000 -0.000001 0.000001 -0.000000 -0.000001 0.000001 
-0.763382 0.000000 -0.109374 -11.643838 -50.736202 -43.633472 11.575867 7.407046 -118.018101 12.696862 21.072409 -16.184690 5.181887 -14.245989 -2.325056 0.000000 0.000002 -0.000001 -0.000000 0.000002 -0.000001 0.000001 0.000001 -0.000000 -0.000000 0.000001 0.000001 -0.000000 0.000001 -0.000001 0.000001 0.000001 -0.000000 0.000000 0.000001 0.000001 -0.000001 0.000001 -0.000001 0.000001 0.000001 0.000000 0.000001 0.000001 -0.000001 0.000001 0.000001 -0.000001 0.000001 0.000001 -0.000000 0.000001 0.000001 -0.000000 0.000001 0.000001 -0.000000 
-0.763382 0.000000 -0.109374 -11.779557 -50.917404 -43.027535 10.415331 7.260246 -117.641266 12.599371 20.220703 -16.174969 5.162664 -14.244151 -2.337763 -0.000000 -0.000001 -0.000001 -0.000000 -0.000001 -0.000001 0.000000 0.000000 -0.000001 -0.000001 -0.000001 0.000001 0.000001 -0.000001 -0.000001 0.000000 0.000000 0.000000 0.000001 0.000000 -0.000001 0.000000 0.000000 0.000000 0.000000 0.000000 -0.000000 0.000000 0.000000 -0.000000 0.000000 0.000000 -0.000000 0.000000 0.000000 0.000000 0.000000 0.000000 0.000000 0.000000 0.000000 -0.000001 
-0.763382 0.000000 -0.109374 -11.599001 -51.036461 -41.716934 8.978930 7.096039 -117.484144 12.494777 19.224846 -16.199991 5.163059 -14.217288 -2.344733 -0.000000 0.000001 -0.000000 -0.000000 0.000001 -0.000000 0.000000 0.000001 0.000001 -0.000000 -0.000003 0.000002 -0.000000 -0.000001 0.000003 0.000000 0.000001 0.000001 0.000001 0.000002 -0.000000 0.000000 -0.000001 0.000001 0.000000 0.000001 0.000001 -0.000000 -0.000001 0.000001 -0.000001 0.000001 0.000001 0.000000 0.000001 0.000001 0.000000 0.000001 0.000001 0.000000 0.000001 0.000001 
-0.763382 0.000000 -0.109374 -11.133218 -51.060592 -39.461483 7.350609 6.793834 -118.757237 12.698077 18.040065 -16.532591 5.156259 -14.171733 -2.329082 -0.000001 0.000000 -0.000000 -0.000000 0.000000 -0.000000 0.000000 -0.000001 -0.000000 -0.000000 0.000000 0.000001 0.000000 0.000000 0.000001 0.000000 -0.000001 -0.000000 -0.000000 0.000000 -0.000001 0.000000 -0.000001 -0.000000 0.000000 -0.000001 0.000000 0.000000 -0.000001 0.000001 -0.000000 -0.000001 -0.000000 0.000000 -0.000001 -0.000000 0.000000 -0.000001 -0.000000 0.000000 -0.000001 -0.000000 
-0.763382 0.000000 -0.109374 -9.516824 -50.518033 -36.798887 6.577271 6.460564 -119.831298 12.783219 17.392213 -16.672729 5.112103 -14.107289 -2.343960 -0.000000 0.000001 -0.000001 0.000000 -0.000001 -0.000001 0.000000 0.000000 -0.000002 0.000000 0.000000 0.000001 0.000000 0.000000 -0.000001 0.000000 0.000000 -0.000003 -0.000000 0.000002 -0.000003 0.000001 0.000002 -0.000002 0.000000 0.000000 -0.000003 0.000000 0.000000 -0.000001 0.000000 -0.000001 -0.000002 0.000000 0.000000 -0.000003 0.000000 0.000000 -0.000003 0.000000 0.000000 -0.000003 
-0.763382 0.000000 -0.109374 -7.905258 -50.021345 -33.673857 5.729530 6.306203 -119.850518 12.843973 16.986920 -16.775766 5.100907 -14.023234 -2.375199 0.000001 0.000001 0.000000 0.000001 0.000001 0.000000 0.000000 -0.000002 0.000002 -0.000000 -0.000002 0.000002 0.000000 -0.000002 0.000002 0.000000 -0.000002 0.000003 -0.000000 0.000000 0.000002 -0.000000 -0.000002 0.000003 0.000000 -0.000002 0.000003 0.000000 -0.000002 0.000000 0.000000 -0.000002 0.000001 0.000000 -0.000002 0.000003 0.000000 -0.000002 0.000003 0.000000 -0.000002 0.000001 
-0.763382 0.000000 -0.109374 -5.890517 -49.250858 -29.903514 4.836186 6.401702 -118.372246 12.530795 16.791897 -16.687134 5.170503 -13.941673 -2.389270 0.000000 -0.000003 0.000001 0.000001 -0.000003 0.000001 0.000001 -0.000001 0.000002 0.000001 -0.000001 0.000003 0.000000 -0.000002 0.000002 0.000001 -0.000001 0.000002 -0.000000 -0.000001 0.000002 0.000001 0.000001 0.000000 0.000001 -0.000001 0.000002 0.000000 -0.000002 -0.000001 -0.000000 -0.000001 0.000001 0.000001 -0.000001 0.000002 0.000001 -0.000001 0.000002 0.000001 -0.000001 -0.000001 
-0.763382 0.000000 -0.109374 -2.874587 -47.541019 -25.284331 3.769059 6.642904 -114.745539 11.487022 16.711192 -16.298168 5.334661 -13.909979 -2.407135 -0.000000 -0.000001 -0.000001 -0.000000 -0.000001 -0.000001 -0.000000 -0.000002 0.000002 -0.000000 -0.000002 -0.000001 -0.000000 -0.000002 0.000001 -0.000000 -0.000002 0.000001 -0.000000 -0.000002 0.000001 -0.000002 -0.000004 0.000002 -0.000000 -0.000002 0.000001 -0.000000 -0.000001 -0.000001 -0.000000 -0.000002 0.000000 -0.000000 -0.000002 0.000001 -0.000000 -0.000002 0.000001 -0.000000 -0.000002 0.000001 
-0.763382 0.000000 -0.109374 1.655498 -43.815213 -19.870070 2.264573 6.702889 -108.117120 9.349726 16.574000 -15.547817 5.573258 -14.001082 -2.503736 -0.000000 0.000003 0.000001 -0.000000 0.000003 0.000001 -0.000000 0.000001 0.000002 -0.000004 0.000000 -0.000001 -0.000001 0.000001 0.000000 -0.000000 0.000001 0.000002 -0.000003 0.000003 0.000002 -0.000003 0.000003 0.000003 -0.000000 0.000001 0.000004 -0.000000 0.000003 -0.000001 0.000001 -0.000001 0.000003 -0.000000 0.000001 0.000002 -0.000000 0.000001 0.000002 -0.000000 0.000001 0.000001 
-0.763382 0.000000 -0.109374 6.245043 -38.409712 -14.905035 0.982355 5.976877 -101.397969 7.084163 15.738767 -14.894066 5.752932 -14.180083 -2.759143 0.000001 0.000002 0.000002 0.000000 0.000002 0.000002 -0.000001 -0.000001 -0.000000 0.000002 0.000000 -0.000001 0.000002 -0.000002 -0.000000 -0.000001 -0.000001 -0.000000 -0.000003 -0.000001 0.000000 -0.000001 -0.000003 -0.000001 -0.000001 -0.000001 0.000002 -0.000002 0.000000 0.000002 0.000002 0.000003 -0.000001 -0.000001 -0.000001 -0.000000 -0.000001 -0.000001 -0.000000 -0.000001 -0.000001 0.000001 
-0.763382 0.000000 -0.109374 10.221118 -32.440127 -11.602012 1.495259 5.293074 -98.197479 5.290557 14.941368 -14.423046 5.848090 -14.355970 -2.913575 -0.000002 0.000000 -0.000004 -0.000002 0.000000 -0.000004 -0.000001 0.000001 -0.000003 -0.000001 0.000000 0.000000 -0.000000 0.000002 -0.000000 -0.000001 0.000001 -0.000001 -0.000000 0.000001 -0.000001 -0.000003 0.000002 -0.000004 -0.000001 0.000001 -0.000000 -0.000000 0.000004 -0.000001 -0.000001 0.000002 -0.000001 -0.000001 0.000001 -0.000001 -0.000001 0.000001 -0.000001 -0.000001 0.000001 -0.000001 
-0.763382 0.000000 -0.109374 14.363799 -26.994757 -9.432817 5.462718 4.306865 -95.552011 4.131438 14.817112 -13.729078 5.789653 -14.320332 -3.009649 -0.000000 0.000003 0.000000 -0.000000 0.000003 0.000000 -0.000001 0.000002 -0.000000 -0.000000 -0.000003 0.000001 -0.000001 0.000003 -0.000001 -0.000001 0.000002 0.000002 -0.000001 0.000002 0.000002 0.000001 0.000002 0.000002 -0.000001 0.000002 0.000002 -0.000000 0.000001 0.000001 -0.000001 0.000001 0.000001 -0.000001 0.000002 0.000002 -0.000001 0.000002 0.000002 -0.000001 0.000002 0.000001 
-0.763382 0.000000 -0.109374 18.695124 -22.788624 -8.135158 12.686456 3.010098 -91.502398 3.492574 15.546800 -12.656125 5.603834 -14.012732 -3.054428 -0.000000 0.000003 -0.000001 -0.000000 0.000003 -0.000001 -0.000001 -0.000000 -0.000000 -0.000002 0.000000 0.000001 0.000002 -0.000001 0.000000 -0.000001 -0.000000 -0.000001 -0.000000 0.000003 -0.000001 -0.000001 -0.000000 -0.000001 -0.000001 -0.000000 -0.000001 0.000003 -0.000001 0.000001 -0.000001 0.000000 0.000000 -0.000001 -0.000000 -0.000001 -0.000001 -0.000000 -0.000001 -0.000001 -0.000000 0.000000 
-0.763382 0.000000 -0.109374 22.493572 -20.252510 -7.600430 21.082711 1.727183 -85.182206 2.991980 16.865407 -11.325034 5.411051 -13.521060 -3.020121 0.000003 0.000001 -0.000001 0.000003 0.000001 -0.000001 -0.000000 -0.000000 -0.000000 -0.000000 -0.000002 -0.000000 -0.000000 -0.000000 -0.000000 -0.000000 -0.000000 -0.000000 0.000002 -0.000000 -0.000000 -0.000000 -0.000000 -0.000000 -0.000000 -0.000000 -0.000000 0.000001 -0.000000 -0.000000 -0.000000 -0.000000 -0.000001 -0.000000 -0.000000 -0.000000 -0.000000 -0.000000 -0.000000 -0.000000 -0.000000 0.000000 
-0.763382 0.000000 -0.109374 24.402842 -18.969172 -7.091823 25.321313 0.906102 -79.603218 2.563124 17.824898 -10.403017 5.392880 -13.101576 -3.003624 0.000002 -0.000004 0.000002 0.000000 -0.000004 0.000002 -0.000000 0.000001 0.000001 0.000001 -0.000001 0.000001 -0.000002 -0.000001 0.000001 -0.000000 0.000001 0.000001 -0.000001 0.000003 0.000000 -0.000000 0.000003 -0.000001 -0.000000 0.000001 0.000000 -0.000002 -0.000000 -0.000000 -0.000000 0.000001 0.000001 -0.000000 0.000001 0.000001 -0.000000 0.000001 0.000001 -0.000000 0.000001 0.000001 
-0.763382 0.000000 -0.109374 24.733720 -18.263139 -7.052221 25.598451 0.815318 -78.438316 2.153686 17.927850 -10.239773 5.419882 -12.892793 -3.036722 0.000001 -0.000001 -0.000001 -0.000000 -0.000000 -0.000000 -0.000000 -0.000001 0.000002 0.000000 -0.000003 0.000002 -0.000001 -0.000003 0.000003 -0.000000 -0.000001 0.000002 0.000000 -0.000001 0.000001 -0.000000 -0.000001 0.000001 -0.000000 -0.000001 0.000002 0.000001 -0.000003 0.000001 -0.000001 -0.000003 0.000002 -0.000000 -0.000001 0.000002 -0.000000 -0.000001 0.000002 -0.000000 -0.000001 0.000002 
-0.763382 0.000000 -0.109374 23.624216 -18.267624 -7.058443 22.737174 1.177900 -80.368254 1.641532 17.341167 -10.577619 5.483223 -12.870258 -3.108722 -0.000001 -0.000004 0.000001 -0.000001 -0.000004 0.000001 -0.000001 -0.000000 -0.000001 0.000000 -0.000000 0.000000 -0.000000 0.000002 -0.000000 -0.000001 -0.000000 -0.000000 -0.000001 -0.000000 0.000000 -0.000000 -0.000000 0.000000 -0.000001 -0.000000 0.000000 -0.000001 -0.000001 -0.000001 -0.000001 0.000001 -0.000001 -0.000001 -0.000000 -0.000000 -0.000001 -0.000000 -0.000000 -0.000001 -0.000000 -0.000001 
-0.763382 0.000000 -0.109374 21.892693 -18.770234 -6.954896 18.907070 1.932561 -83.552311 1.037883 16.559290 -11.066568 5.576099 -12.958147 -3.186819 0.000002 0.000002 -0.000001 0.000002 0.000003 -0.000000 0.000001 0.000002 -0.000000 0.000001 -0.000003 0.000001 0.000001 -0.000002 -0.000000 0.000001 0.000002 -0.000000 0.000001 0.000003 -0.000001 -0.000000 0.000003 -0.000001 0.000001 0.000002 -0.000000 0.000001 0.000002 -0.000001 0.000001 -0.000002 -0.000000 0.000001 0.000002 -0.000000 0.000001 0.000002 -0.000000 0.000001 0.000002 -0.000001 
-0.763382 0.000000 -0.109374 21.067160 -19.217965 -6.786905 17.514705 2.481358 -85.758482 0.512562 16.399119 -11.259862 5.694191 -13.029077 -3.216437 -0.000000 0.000000 0.000000 0.000001 0.000000 0.000001 -0.000000 0.000000 0.000000 0.000000 0.000002 -0.000001 -0.000001 -0.000000 -0.000000 -0.000000 0.000000 -0.000000 0.000002 0.000002 -0.000001 0.000000 0.000000 -0.000000 -0.000000 0.000000 -0.000001 -0.000001 0.000002 -0.000001 -0.000001 0.000000 -0.000001 -0.000000 0.000000 -0.000000 -0.000000 0.000000 -0.000000 -0.000000 0.000000 -0.000000 
-0.763382 0.000000 -0.109374 21.453891 -20.648300 -6.724846 19.900946 2.750495 -85.858476 0.620797 17.424253 -11.076937 5.723310 -12.931550 -3.226173 -0.000000 0.000000 -0.000000 -0.000000 0.000001 0.000001 -0.000000 -0.000002 -0.000001 -0.000002 -0.000000 -0.000000 -0.000002 -0.000002 0.000000 -0.000000 -0.000002 0.000000 0.000002 -0.000002 0.000000 -0.000000 -0.000002 0.000000 -0.000000 -0.000002 -0.000000 -0.000002 -0.000002 0.000000 -0.000000 -0.000002 0.000000 -0.000000 -0.000002 0.000000 -0.000000 -0.000002 0.000000 -0.000000 -0.000002 0.000000 
-0.763382 0.000000 -0.109374 21.339382 -23.034289 -6.654764 21.977804 3.100501 -86.005127 0.983373 18.567599 -10.987615 5.788241 -12.829241 -3.243051 0.000003 -0.000003 0.000001 0.000003 -0.000003 0.000001 -0.000001 0.000001 -0.000001 -0.000001 -0.000001 0.000000 -0.000001 0.000001 -0.000000 -0.000001 0.000001 0.000000 0.000000 0.000001 -0.000000 0.000000 0.000001 -0.000001 -0.000001 0.000001 -0.000000 -0.000001 0.000001 0.000000 -0.000001 0.000001 0.000000 -0.000001 0.000001 -0.000000 -0.000001 0.000001 -0.000000 -0.000001 0.000001 -0.000001 
-0.763382 0.000000 -0.109374 20.671503 -25.610052 -6.740076 22.775807 3.495187 -86.276983 1.223688 19.371130 -10.962168 5.899699 -12.782804 -3.253284 -0.000000 -0.000001 -0.000000 -0.000001 0.000001 -0.000000 -0.000001 -0.000001 -0.000001 -0.000001 -0.000001 -0.000001 -0.000001 -0.000001 0.000001 -0.000001 -0.000001 0.000000 0.000001 -0.000001 0.000000 -0.000001 -0.000001 0.000000 -0.000001 -0.000001 -0.000001 0.000000 -0.000002 0.000000 -0.000001 -0.000001 -0.000000 -0.000001 -0.000001 -0.000000 -0.000001 -0.000001 -0.000000 -0.000001 -0.000001 0.000001 
-0.763382 0.000000 -0.109374 19.205674 -28.170605 -7.006785 21.343762 4.005625 -85.801854 1.034744 19.575136 -10.899932 6.067531 -12.805364 -3.259186 0.000001 -0.000002 -0.000000 0.000001 -0.000002 0.000000 -0.000001 0.000001 -0.000000 -0.000001 0.000000 0.000000 -0.000001 0.000001 -0.000001 -0.000001 0.000001 -0.000001 -0.000000 0.000001 -0.000000 0.000001 0.000001 -0.000001 -0.000001 0.000001 -0.000000 -0.000000 -0.000000 -0.000001 -0.000001 0.000001 -0.000001 -0.000001 0.000001 -0.000001 -0.000001 0.000001 -0.000001 -0.000001 0.000001 -0.000001 
-0.763382 0.000000 -0.109374 16.501942 -31.072344 -7.373545 16.719255 4.644941 -82.740782 0.187090 19.116552 -10.650723 6.300744 -12.862640 -3.279302 -0.000002 0.000001 0.000000 -0.000000 0.000001 0.000001 -0.000002 0.000000 -0.000001 -0.000002 0.000000 -0.000000 -0.000001 -0.000003 0.000001 -0.000002 0.000000 0.000001 -0.000000 0.000002 -0.000001 -0.000000 -0.000001 0.000003 -0.000002 0.000000 0.000001 -0.000002 0.000003 -0.000001 -0.000003 -0.000003 0.000002 -0.000002 0.000000 0.000001 -0.000002 0.000000 0.000001 -0.000002 0.000000 0.000001 
-0.763382 0.000000 -0.109374 13.686948 -33.521076 -7.861705 12.897510 5.657731 -84.991254 -0.021459 18.322577 -10.971392 6.453671 -13.034197 -3.268710 -0.000001 -0.000004 0.000001 -0.000001 -0.000004 0.000001 -0.000003 -0.000006 0.000002 -0.000000 -0.000004 -0.000000 -0.000001 -0.000005 0.000002 -0.000003 -0.000006 0.000002 -0.000002 -0.000006 0.000002 -0.000000 -0.000006 0.000002 -0.000003 -0.000006 0.000002 -0.000003 -0.000000 -0.000000 -0.000002 -0.000005 0.000002 -0.000003 -0.000006 0.000002 -0.000003 -0.000006 0.000002 -0.000003 -0.000006 0.000001 
-0.763382 0.000000 -0.109374 12.241026 -34.293232 -8.479366 10.923130 6.290258 -87.414503 -0.155769 17.612073 -11.166610 6.418114 -13.200336 -3.319716 -0.000001 0.000002 -0.000000 -0.000001 0.000002 -0.000000 -0.000000 0.000000 -0.000001 -0.000000 0.000004 -0.000002 -0.000000 0.000001 -0.000001 -0.000000 0.000000 -0.000001 -0.000001 0.000000 -0.000000 -0.000003 0.000000 -0.000001 -0.000000 0.000000 0.000000 0.000001 0.000003 -0.000004 -0.000000 0.000000 -0.000001 -0.000000 0.000000 -0.000001 -0.000000 0.000000 -0.000001 -0.000000 0.000000 -0.000001 
-0.763382 0.000000 -0.109374 12.198541 -34.131849 -9.055988 11.491975 6.564177 -90.549682 0.174176 17.323279 -11.400423 6.204600 -13.282217 -3.421351 -0.000002 0.000000 0.000001 -0.000003 0.000000 0.000001 0.000001 -0.000001 0.000000 0.000001 0.000001 -0.000002 0.000001 -0.000001 -0.000001 0.000001 -0.000001 -0.000000 0.000001 -0.000003 0.000002 -0.000000 -0.000003 0.000002 0.000001 -0.000001 0.000000 0.000001 0.000001 -0.000001 0.000002 -0.000001 -0.000001 0.000001 -0.000001 -0.000000 0.000001 -0.000001 -0.000000 0.000001 -0.000001 -0.000001 
-0.763382 0.000000 -0.109374 13.405593 -33.414098 -9.532952 14.581409 6.376175 -94.563505 1.082601 17.585319 -11.754484 5.858578 -13.272945 -3.552427 -0.000003 0.000003 -0.000002 -0.000003 0.000003 -0.000002 -0.000002 -0.000000 0.000001 -0.000000 -0.000006 0.000003 -0.000002 -0.000002 0.000001 -0.000002 -0.000000 0.000001 -0.000000 0.000002 -0.000001 0.000001 -0.000000 0.000001 -0.000002 -0.000000 0.000001 -0.000002 -0.000004 0.000001 -0.000002 -0.000000 0.000001 -0.000002 -0.000000 0.000001 -0.000002 -0.000000 0.000001 -0.000002 -0.000000 0.000001 
-0.763382 0.000000 -0.109374 15.561153 -32.143150 -9.895850 19.429983 5.574480 -99.236235 2.412994 18.319066 -12.237963 5.459905 -13.238236 -3.682300 -0.000001 0.000001 0.000001 -0.000001 0.000001 0.000001 0.000002 0.000003 -0.000000 -0.000002 0.000001 -0.000001 0.000002 0.000003 -0.000001 0.000002 0.000003 -0.000000 -0.000003 0.000001 -0.000000 0.000001 0.000003 -0.000001 0.000002 0.000003 0.000000 -0.000001 0.000000 -0.000001 0.000003 0.000003 -0.000001 0.000002 0.000003 -0.000000 0.000002 0.000003 -0.000000 0.000002 0.000003 -0.000001 
-0.763382 0.000000 -0.109374 18.435869 -28.781259 -9.563143 22.835418 4.310344 -99.010231 2.659465 18.756697 -12.258194 5.102226 -13.190813 -3.813228 -0.000001 0.000000 -0.000002 -0.000001 0.000000 -0.000002 0.000001 0.000000 -0.000000 0.000001 -0.000001 -0.000000 0.000001 0.000002 -0.000000 0.000001 0.000000 0.000000 0.000001 0.000000 0.000000 0.000001 -0.000001 0.000001 0.000001 0.000000 0.000001 -0.000001 -0.000001 -0.000001 0.000001 0.000000 0.000000 0.000001 0.000000 -0.000000 0.000001 0.000000 -0.000000 0.000001 0.000000 -0.000000 
-0.763382 0.000000 -0.109374 20.896465 -25.062710 -9.666908 24.572611 3.195936 -96.288544 2.182619 18.963443 -12.027485 4.863095 -13.063488 -3.896159 0.000001 -0.000003 -0.000000 0.000001 -0.000001 -0.000001 0.000002 0.000001 -0.000000 0.000002 0.000001 -0.000000 0.000000 0.000001 -0.000000 0.000002 0.000001 0.000000 -0.000001 0.000003 -0.000000 -0.000001 0.000001 0.000000 0.000002 0.000001 0.000000 0.000001 0.000001 0.000000 0.000002 0.000001 -0.000001 0.000002 0.000001 0.000000 0.000002 0.000001 0.000000 0.000002 0.000001 -0.000000 
-0.763382 0.000000 -0.109374 23.054667 -21.562569 -10.007340 25.957126 2.387383 -93.992774 1.619536 19.125634 -11.777585 4.696012 -12.884820 -3.938877 -0.000000 -0.000001 -0.000001 0.000000 -0.000001 0.000000 0.000001 -0.000002 0.000001 0.000001 -0.000001 0.000001 0.000001 -0.000002 0.000001 0.000001 -0.000002 0.000001 -0.000001 0.000000 0.000001 0.000001 -0.000002 0.000001 0.000001 -0.000002 0.000001 -0.000001 -0.000002 0.000001 0.000001 -0.000002 0.000001 0.000001 -0.000002 0.000001 0.000001 -0.000002 0.000001 0.000001 -0.000002 0.000001 
-0.763382 0.000000 -0.109374 24.938054 -18.572630 -10.369948 27.337836 1.865905 -92.607577 1.108505 19.339418 -11.528665 4.568893 -12.658327 -3.957608 -0.000003 0.000000 0.000001 -0.000003 0.000000 0.000001 -0.000001 0.000000 0.000000 0.000001 0.000000 0.000000 0.000003 0.000000 0.000001 -0.000001 0.000000 0.000000 -0.000001 0.000000 0.000001 0.000003 -0.000001 0.000001 -0.000001 0.000000 0.000000 -0.000001 -0.000000 0.000000 -0.000001 -0.000000 -0.000000 -0.000001 0.000000 0.000000 -0.000001 0.000000 0.000000 -0.000001 0.000000 0.000000 
-0.763382 0.000000 -0.109374 26.484298 -16.104741 -10.544335 28.206661 1.537030 -90.220003 0.286072 19.602445 -11.084682 4.464303 -12.362620 -3.976707 -0.000001 -0.000002 -0.000001 -0.000000 -0.000001 0.000000 0.000001 -0.000000 -0.000000 0.000002 0.000001 -0.000000 0.000002 -0.000000 -0.000000 0.000001 -0.000000 -0.000000 -0.000001 0.000000 -0.000000 -0.000001 0.000002 -0.000001 0.000001 -0.000000 -0.000000 0.000001 -0.000000 -0.000000 0.000001 -0.000000 -0.000000 0.000001 -0.000000 -0.000000 0.000001 -0.000000 -0.000000 0.000001 -0.000000 -0.000000 
-0.763382 0.000000 -0.109374 27.344213 -14.322049 -10.734102 28.374713 1.605845 -89.449940 -0.393208 19.684694 -10.828818 4.401264 -12.130926 -3.997211 0.000001 -0.000002 0.000001 0.000001 -0.000001 -0.000002 -0.000001 0.000001 -0.000000 0.000001 0.000000 -0.000000 -0.000001 0.000000 -0.000000 -0.000001 0.000001 -0.000000 -0.000001 0.000001 -0.000000 -0.000002 0.000001 -0.000000 -0.000001 0.000001 -0.000000 -0.000001 0.000001 -0.000001 -0.000001 0.000001 -0.000001 -0.000001 0.000001 -0.000000 -0.000001 0.000001 -0.000000 -0.000001 0.000001 -0.000001 
-0.763382 0.000000 -0.109374 27.798462 -13.384131 -10.830015 28.585206 1.854713 -89.834145 -0.774272 19.813124 -10.721866 4.374469 -11.964737 -4.017625 -0.000002 -0.000001 0.000000 -0.000002 -0.000001 0.000001 -0.000000 -0.000001 0.000001 0.000001 -0.000001 -0.000000 -0.000000 -0.000001 -0.000000 -0.000000 -0.000001 0.000000 0.000002 0.000000 0.000000 -0.000000 -0.000001 0.000001 -0.000000 -0.000001 0.000001 0.000001 -0.000000 -0.000001 -0.000000 0.000000 -0.000000 -0.000000 -0.000001 0.000000 -0.000000 -0.000001 0.000000 -0.000000 -0.000001 0.000000 
-0.763382 0.000000 -0.109374 27.914420 -13.346354 -10.704552 29.107558 2.228463 -90.850341 -0.937951 20.094666 -10.643317 4.377157 -11.835330 -4.032571 0.000000 0.000000 0.000000 0.000000 0.000000 0.000000 0.000000 -0.000001 -0.000001 0.000000 -0.000001 -0.000001 0.000000 -0.000001 -0.000001 0.000000 -0.000001 -0.000001 -0.000001 -0.000000 -0.000000 0.000000 -0.000001 -0.000001 0.000000 -0.000001 -0.000001 0.000001 -0.000000 -0.000001 0.000001 -0.000000 -0.000001 0.000000 -0.000001 -0.000001 0.000000 -0.000001 -0.000001 0.000000 -0.000001 -0.000002 
-0.763382 0.000000 -0.109374 27.729924 -14.338766 -10.455230 29.926170 2.692247 -91.849823 -0.962795 20.608605 -10.513365 4.426445 -11.723444 -4.029410 0.000001 0.000001 0.000001 0.000002 0.000001 0.000001 -0.000000 0.000000 -0.000000 0.000000 -0.000001 -0.000001 -0.000001 -0.000001 -0.000001 -0.000000 0.000000 -0.000000 0.000001 0.000000 0.000000 -0.000001 0.000000 0.000000 -0.000000 0.000000 0.000000 0.000001 -0.000000 -0.000001 -0.000000 -0.000000 -0.000001 -0.000000 0.000000 -0.000000 -0.000000 0.000000 -0.000000 -0.000000 0.000000 0.000000 
-0.763382 0.000000 -0.109374 27.245922 -16.564409 -10.406611 30.731753 3.256574 -92.052536 -0.925618 21.408048 -10.292928 4.563256 -11.619196 -3.988442 -0.000003 -0.000000 -0.000001 -0.000003 -0.000002 0.000000 -0.000001 0.000000 -0.000000 0.000000 0.000000 -0.000000 -0.000001 0.000000 -0.000001 -0.000001 0.000000 -0.000000 -0.000002 0.000001 0.000000 -0.000000 0.000000 0.000000 -0.000001 0.000000 0.000000 0.000000 0.000000 -0.000000 -0.000001 0.000000 0.000000 -0.000001 0.000000 -0.000000 -0.000001 0.000000 -0.000000 -0.000001 0.000000 -0.000000 
-0.763382 0.000000 -0.109374 25.504915 -21.881783 -9.499886 31.892571 3.992050 -94.288098 0.342129 22.529439 -10.477153 4.863415 -11.591490 -3.855121 0.000000 -0.000003 0.000001 0.000000 -0.000003 0.000001 0.000000 -0.000000 -0.000000 -0.000002 -0.000000 -0.000000 -0.000002 -0.000000 -0.000000 0.000000 -0.000000 -0.000000 0.000000 -0.000000 -0.000000 0.000000 0.000000 0.000000 0.000000 -0.000000 -0.000000 0.000000 -0.000000 -0.000000 0.000000 0.000000 -0.000000 0.000000 -0.000000 -0.000000 0.000000 -0.000000 -0.000000 0.000000 -0.000000 -0.000000 
-0.763382 0.000000 -0.109374 22.663831 -28.581504 -8.477252 31.220156 4.918671 -92.649692 1.239557 23.338572 -10.379162 5.377221 -11.700645 -3.653079 0.000002 -0.000001 -0.000000 0.000002 -0.000001 -0.000000 -0.000002 0.000000 0.000000 -0.000002 0.000000 0.000000 -0.000002 0.000001 -0.000000 -0.000002 0.000000 0.000000 -0.000002 0.000000 0.000000 -0.000002 0.000000 0.000000 -0.000002 0.000000 0.000000 -0.000000 0.000000 -0.000001 -0.000002 0.000000 0.000000 -0.000002 0.000000 0.000000 -0.000002 0.000000 0.000000 -0.000002 0.000000 -0.000000 
-0.763382 0.000000 -0.109374 18.824392 -35.470340 -7.552900 27.156429 6.383969 -83.857620 1.447496 23.197822 -9.839372 6.064159 -11.929252 -3.432464 -0.000000 -0.000003 0.000001 -0.000000 -0.000003 0.000001 0.000001 0.000001 0.000003 0.000001 -0.000002 0.000002 -0.000000 0.000001 0.000001 0.000001 0.000001 0.000005 0.000001 0.000002 0.000002 -0.000000 0.000002 0.000002 0.000001 0.000001 0.000005 0.000001 -0.000001 -0.000001 0.000000 0.000000 0.000004 0.000001 0.000001 0.000005 0.000001 0.000001 0.000005 0.000001 0.000001 0.000004 
-0.763382 0.000000 -0.109374 14.263419 -41.514023 -7.062953 19.605407 7.413417 -67.780065 0.707269 21.638149 -8.783024 6.766142 -12.168601 -3.264150 -0.000002 0.000001 -0.000004 -0.000002 0.000001 -0.000004 -0.000001 0.000000 0.000000 -0.000002 0.000001 -0.000001 -0.000000 0.000001 -0.000001 -0.000001 0.000000 -0.000001 -0.000003 0.000001 0.000000 -0.000000 0.000001 -0.000001 -0.000001 0.000000 0.000000 -0.000001 0.000000 -0.000000 -0.000001 0.000000 -0.000000 -0.000001 0.000000 -0.000001 -0.000001 0.000000 -0.000001 -0.000001 0.000000 0.000000 
-0.763382 0.000000 -0.109374 9.559058 -45.803136 -7.338504 10.417612 6.943385 -47.657594 -1.137459 18.345606 -7.287913 7.205566 -12.220273 -3.244546 -0.000001 0.000000 -0.000000 -0.000001 0.000002 0.000001 -0.000003 -0.000001 -0.000002 -0.000001 0.000001 0.000000 0.000003 -0.000001 0.000000 -0.000003 -0.000001 -0.000002 -0.000000 -0.000001 -0.000001 -0.000002 -0.000001 -0.000001 -0.000003 -0.000001 -0.000001 -0.000001 0.000000 0.000000 -0.000002 0.000000 0.000000 -0.000003 -0.000001 -0.000002 -0.000003 -0.000001 -0.000002 -0.000003 -0.000001 0.000001 
-0.763382 0.000000 -0.109374 3.852865 -49.306798 -9.197518 1.234636 5.456427 -39.376003 -3.197051 15.570497 -6.427983 7.419749 -12.311658 -3.068538 -0.000002 0.000001 -0.000001 -0.000002 0.000000 -0.000000 0.000001 -0.000001 -0.000000 -0.000002 -0.000001 -0.000002 0.000003 -0.000002 -0.000001 0.000001 -0.000001 -0.000000 -0.000003 -0.000002 -0.000002 -0.000002 0.000000 0.000001 0.000001 -0.000001 -0.000001 0.000001 0.000001 0.000002 -0.000003 -0.000001 -0.000000 0.000001 -0.000001 -0.000000 0.000001 -0.000001 -0.000000 0.000001 -0.000001 0.000000 
-0.763382 0.000000 -0.109374 -1.860202 -52.535138 -11.776532 -7.013143 3.893716 -35.839126 -4.827558 13.415684 -5.979947 7.435179 -12.474119 -2.943152 0.000002 0.000001 0.000001 0.000002 0.000003 0.000001 -0.000002 0.000000 0.000001 -0.000001 0.000000 -0.000000 -0.000002 0.000000 -0.000000 -0.000002 0.000000 0.000001 -0.000001 0.000002 0.000001 -0.000001 0.000002 0.000000 -0.000002 0.000000 0.000002 -0.000001 0.000000 0.000000 -0.000002 0.000000 0.000000 -0.000002 0.000000 0.000001 -0.000002 0.000000 0.000001 -0.000002 0.000000 0.000001 
-0.763382 0.000000 -0.109374 -7.011033 -55.408308 -14.267423 -13.503520 2.627987 -34.528980 -5.992329 11.921772 -5.760049 7.385365 -12.645290 -2.828913 -0.000000 0.000001 0.000001 -0.000000 0.000001 0.000001 0.000003 0.000001 -0.000000 -0.000003 -0.000002 0.000001 -0.000001 0.000001 0.000001 0.000003 0.000001 -0.000000 0.000004 -0.000001 -0.000002 0.000001 0.000001 0.000000 0.000003 0.000001 -0.000002 0.000001 0.000001 0.000003 0.000003 0.000001 -0.000001 0.000003 0.000001 -0.000000 0.000003 0.000001 -0.000000 0.000003 0.000001 -0.000000 
-0.763382 0.000000 -0.109374 -11.033120 -57.777882 -16.349033 -17.576650 1.556456 -33.176903 -6.852017 11.033476 -5.541497 7.347688 -12.728158 -2.728477 -0.000002 0.000001 -0.000001 -0.000002 0.000001 -0.000001 -0.000000 0.000001 -0.000002 -0.000000 -0.000002 0.000000 -0.000002 0.000003 0.000001 -0.000000 0.000001 0.000000 0.000002 0.000002 0.000001 0.000002 0.000002 0.000001 -0.000000 0.000001 -0.000002 -0.000000 0.000004 -0.000002 -0.000000 0.000001 -0.000001 -0.000000 0.000001 -0.000000 -0.000000 0.000001 -0.000000 -0.000000 0.000001 -0.000000 
-0.763382 0.000000 -0.109374 -13.486866 -59.318144 -18.294354 -18.799044 0.464021 -29.766265 -7.772794 10.600812 -5.060003 7.343194 -12.591432 -2.686911 -0.000002 0.000000 -0.000002 -0.000003 0.000000 -0.000002 0.000001 0.000001 0.000002 -0.000000 -0.000003 -0.000001 -0.000000 0.000002 0.000003 0.000001 0.000001 0.000003 0.000003 0.000002 0.000002 -0.000003 0.000002 0.000002 0.000001 0.000001 0.000004 -0.000000 0.000002 0.000003 -0.000000 -0.000003 0.000003 0.000001 0.000001 0.000003 0.000001 0.000001 0.000003 0.000001 0.000001 0.000003 
-0.763382 0.000000 -0.109374 -14.322018 -60.340343 -18.655612 -18.729021 -0.508179 -25.959831 -8.355428 10.482931 -4.595858 7.204741 -12.365060 -2.730599 -0.000003 0.000000 -0.000002 -0.000003 0.000001 -0.000002 -0.000000 -0.000001 -0.000000 -0.000002 0.000000 -0.000000 -0.000001 -0.000003 0.000001 -0.000000 -0.000001 0.000001 -0.000000 0.000000 0.000001 0.000002 0.000002 0.000000 -0.000000 -0.000001 0.000002 -0.000002 0.000002 0.000000 0.000001 -0.000002 0.000001 -0.000000 -0.000001 0.000001 -0.000000 -0.000001 0.000001 -0.000000 -0.000001 0.000001 
-0.763382 0.000000 -0.109374 -14.575605 -60.971555 -18.560476 -17.989181 -1.240999 -22.856560 -8.680714 10.586693 -4.168160 7.052124 -12.145820 -2.766883 0.000001 0.000002 -0.000001 0.000001 0.000002 -0.000001 -0.000001 0.000005 -0.000003 -0.000001 0.000001 -0.000000 0.000001 0.000001 -0.000001 -0.000001 0.000005 -0.000002 -0.000001 0.000001 -0.000002 -0.000001 0.000004 -0.000002 -0.000001 0.000005 -0.000001 0.000001 0.000003 -0.000001 -0.000000 0.000003 -0.000002 -0.000001 0.000005 -0.000002 -0.000001 0.000005 -0.000002 -0.000001 0.000005 -0.000004 
-0.763382 0.000000 -0.109374 -14.469025 -61.320086 -18.098087 -17.201078 -1.832108 -20.400208 -8.872812 10.792539 -3.786914 6.867603 -11.961899 -2.790663 -0.000005 0.000000 -0.000000 -0.000005 0.000000 -0.000000 -0.000000 0.000001 -0.000000 -0.000000 0.000000 0.000002 -0.000001 0.000002 0.000001 -0.000000 0.000001 0.000000 -0.000000 0.000000 0.000001 -0.000000 0.000005 -0.000001 -0.000000 0.000001 0.000001 0.000001 0.000001 -0.000001 0.000001 0.000001 -0.000001 -0.000000 0.000001 -0.000000 -0.000000 0.000001 -0.000000 -0.000000 0.000001 -0.000001 
-0.763382 0.000000 -0.109374 -14.055275 -61.482255 -17.222313 -16.594433 -2.358517 -18.548852 -8.973207 11.014979 -3.462935 6.663220 -11.822333 -2.804304 -0.000000 0.000001 0.000001 -0.000000 0.000001 0.000001 -0.000000 0.000000 0.000002 0.000000 0.000000 -0.000002 -0.000000 -0.000002 0.000000 -0.000000 0.000000 0.000001 -0.000000 -0.000003 0.000001 -0.000002 0.000001 -0.000001 -0.000000 0.000000 0.000002 0.000002 -0.000002 0.000002 -0.000000 0.000000 0.000001 -0.000000 0.000000 0.000001 -0.000000 0.000000 0.000001 -0.000000 0.000000 -0.000000 
-0.763382 0.000000 -0.109374 -13.196006 -61.540489 -15.728114 -16.017468 -2.822950 -17.263409 -8.941783 11.203953 -3.206645 6.480892 -11.716996 -2.817681 -0.000001 0.000003 -0.000004 -0.000001 0.000001 -0.000002 -0.000000 -0.000002 -0.000000 -0.000000 0.000000 -0.000003 -0.000000 0.000000 0.000000 -0.000000 -0.000002 -0.000001 -0.000000 -0.000003 0.000001 -0.000000 -0.000002 -0.000001 -0.000000 -0.000002 0.000000 -0.000000 0.000001 0.000001 -0.000000 0.000000 0.000000 -0.000000 -0.000002 -0.000001 -0.000000 -0.000002 -0.000001 -0.000000 -0.000002 -0.000002 
-0.763382 0.000000 -0.109374 -12.608800 -61.410641 -14.715047 -15.752211 -3.103999 -16.748517 -8.954672 11.456533 -3.096505 6.372984 -11.630771 -2.839624 0.000001 0.000002 -0.000004 0.000001 0.000002 -0.000004 0.000002 0.000002 -0.000000 0.000001 0.000001 -0.000000 -0.000001 0.000001 -0.000000 0.000002 0.000002 -0.000001 0.000001 0.000003 0.000001 -0.000001 0.000004 -0.000002 0.000002 0.000002 0.000000 0.000001 0.000002 -0.000001 0.000002 0.000003 -0.000000 0.000002 0.000002 -0.000001 0.000002 0.000002 -0.000001 0.000002 0.000002 -0.000002 
-0.763382 0.000000 -0.109374 -11.966592 -61.256012 -13.706421 -15.514443 -3.437953 -15.780408 -9.124851 11.573241 -2.974675 6.283096 -11.509387 -2.930588 0.000000 0.000003 -0.000002 0.000000 0.000003 -0.000002 0.000001 0.000002 -0.000002 0.000003 0.000002 -0.000000 -0.000001 0.000001 -0.000000 0.000001 0.000002 -0.000000 -0.000001 0.000003 -0.000001 -0.000003 0.000003 -0.000000 0.000001 0.000002 0.000001 0.000001 0.000002 -0.000000 0.000001 0.000003 -0.000000 0.000001 0.000002 -0.000000 0.000001 0.000002 -0.000000 0.000001 0.000002 -0.000001 
-0.763382 0.000000 -0.109374 -11.204172 -60.966303 -12.738733 -15.181140 -3.659002 -15.048763 -9.299241 11.641898 -2.902691 6.237077 -11.360783 -3.051684 0.000002 0.000003 -0.000001 0.000002 0.000003 -0.000001 -0.000001 0.000000 0.000000 0.000000 -0.000001 0.000004 -0.000003 0.000000 0.000002 -0.000001 0.000000 0.000000 0.000003 -0.000001 -0.000001 -0.000001 0.000000 0.000001 -0.000001 0.000000 0.000002 0.000001 0.000000 0.000000 -0.000001 0.000002 0.000000 -0.000001 0.000000 0.000000 -0.000001 0.000000 0.000000 -0.000001 0.000000 -0.000001 
-0.763382 0.000000 -0.109374 -10.386356 -60.512696 -11.944123 -14.758693 -3.691645 -14.834884 -9.416627 11.731535 -2.904995 6.219050 -11.204569 -3.179389 0.000003 0.000003 -0.000002 0.000003 0.000003 -0.000002 -0.000002 0.000002 0.000001 0.000003 0.000001 0.000001 -0.000001 -0.000001 -0.000000 -0.000002 0.000002 -0.000001 0.000002 0.000002 -0.000001 -0.000000 0.000003 -0.000001 -0.000002 0.000002 0.000000 0.000002 0.000002 -0.000001 -0.000003 0.000001 0.000001 -0.000002 0.000002 -0.000001 -0.000002 0.000002 -0.000001 -0.000002 0.000002 -0.000002 
-0.763382 0.000000 -0.109374 -9.686811 -59.951494 -11.529559 -14.372344 -3.549367 -15.011173 -9.507570 11.891640 -2.968588 6.171423 -11.071735 -3.305290 0.000003 0.000000 -0.000000 0.000003 0.000000 -0.000000 0.000001 -0.000001 -0.000002 0.000000 0.000002 -0.000000 -0.000001 0.000002 0.000002 0.000001 -0.000001 -0.000002 0.000001 -0.000001 -0.000002 0.000001 0.000001 -0.000002 0.000001 -0.000001 -0.000001 0.000004 -0.000003 -0.000003 0.000001 -0.000002 -0.000002 0.000001 -0.000001 -0.000002 0.000001 -0.000001 -0.000002 0.000001 -0.000001 -0.000003 
